timestamp,url,status,linked,skipped,error
2026-04-21 06:29:53,https://hinyan1016.hatenablog.com/entry/2026/02/17/101639,no_target,0,62,
2026-04-21 06:29:58,https://hinyan1016.hatenablog.com/entry/2025/10/04/092356,no_target,0,40,
2026-04-21 06:30:12,https://hinyan1016.hatenablog.com/entry/2025/11/14/155130,no_target,0,29,
2026-04-21 06:30:23,https://hinyan1016.hatenablog.com/entry/2025/10/19/224322,no_target,0,56,
2026-04-21 06:30:36,https://hinyan1016.hatenablog.com/entry/2026/02/12/010038,no_target,0,24,
2026-04-21 06:30:41,https://hinyan1016.hatenablog.com/entry/2026/02/12/102858,updated,9,9,
2026-04-21 06:30:48,https://hinyan1016.hatenablog.com/entry/2025/12/29/171922,no_target,0,18,
2026-04-21 06:30:56,https://hinyan1016.hatenablog.com/entry/2025/12/05/150020,no_target,0,15,
2026-04-21 06:31:07,https://hinyan1016.hatenablog.com/entry/2026/01/12/223601,no_target,0,14,
2026-04-21 06:31:14,https://hinyan1016.hatenablog.com/entry/2026/01/13/174156,no_target,0,16,
2026-04-21 06:31:22,https://hinyan1016.hatenablog.com/entry/2026/01/30/025738,no_target,0,15,
2026-04-21 06:31:28,https://hinyan1016.hatenablog.com/entry/2026/02/24/083752,no_target,0,18,
2026-04-21 06:31:32,https://hinyan1016.hatenablog.com/entry/2025/11/18/062815,no_target,0,17,
2026-04-21 06:31:44,https://hinyan1016.hatenablog.com/entry/2025/12/09/102429,no_target,0,14,
2026-04-21 06:31:54,https://hinyan1016.hatenablog.com/entry/2026/01/19/200740,updated,14,0,
2026-04-21 06:32:03,https://hinyan1016.hatenablog.com/entry/2026/01/28/111213,no_target,0,14,
2026-04-21 06:32:09,https://hinyan1016.hatenablog.com/entry/2025/08/23/192749,no_target,0,11,
2026-04-21 06:32:25,https://hinyan1016.hatenablog.com/entry/2025/09/11/103428,no_target,0,13,
2026-04-21 06:32:41,https://hinyan1016.hatenablog.com/entry/2025/10/12/123944,no_target,0,23,
2026-04-21 06:32:53,https://hinyan1016.hatenablog.com/entry/2026/01/17/093117,no_target,0,11,
2026-04-21 06:33:00,https://hinyan1016.hatenablog.com/entry/2026/01/30/030419,no_target,0,14,
2026-04-21 06:33:06,https://hinyan1016.hatenablog.com/entry/2026/02/10/115631,no_target,0,24,
2026-04-21 06:33:11,https://hinyan1016.hatenablog.com/entry/2025/09/04/122557,no_target,0,19,
2026-04-21 06:33:26,https://hinyan1016.hatenablog.com/entry/2025/10/01/090834,updated,13,10,
2026-04-21 06:33:42,https://hinyan1016.hatenablog.com/entry/2025/12/02/195649,updated,3,10,
2026-04-21 06:33:56,https://hinyan1016.hatenablog.com/entry/2026/01/13/234631,updated,1,9,
2026-04-21 06:34:05,https://hinyan1016.hatenablog.com/entry/2025/09/03/130906,updated,7,18,
2026-04-21 06:34:23,https://hinyan1016.hatenablog.com/entry/2025/11/02/122708,updated,12,3,
2026-04-21 06:34:37,https://hinyan1016.hatenablog.com/entry/2025/12/18/184208,no_target,0,9,
2026-04-21 06:34:46,https://hinyan1016.hatenablog.com/entry/2025/12/28/085237,no_target,0,9,
2026-04-21 06:34:55,https://hinyan1016.hatenablog.com/entry/2026/01/10/024125,no_target,0,18,
2026-04-21 06:35:03,https://hinyan1016.hatenablog.com/entry/2025/08/07/221658,updated,9,8,
2026-04-21 06:35:25,https://hinyan1016.hatenablog.com/entry/2025/08/23/150413,no_target,0,10,
2026-04-21 06:35:41,https://hinyan1016.hatenablog.com/entry/2025/08/17/082426,no_target,0,9,
2026-04-21 06:35:57,https://hinyan1016.hatenablog.com/entry/2025/08/23/163249,no_target,0,19,
2026-04-21 06:36:14,https://hinyan1016.hatenablog.com/entry/2025/10/21/104745,no_target,0,8,
2026-04-21 06:36:27,https://hinyan1016.hatenablog.com/entry/2025/10/24/061916,no_target,0,22,
2026-04-21 06:36:39,https://hinyan1016.hatenablog.com/entry/2025/11/05/115554,no_target,0,49,
2026-04-21 06:36:51,https://hinyan1016.hatenablog.com/entry/2025/12/03/061931,no_target,0,9,
2026-04-21 06:37:02,https://hinyan1016.hatenablog.com/entry/2025/12/21/213230,no_target,0,7,
2026-04-21 06:37:11,https://hinyan1016.hatenablog.com/entry/2026/01/29/083004,no_target,0,10,
2026-04-21 06:37:18,https://hinyan1016.hatenablog.com/entry/2025/09/01/073533,updated,1,21,
2026-04-21 06:37:36,https://hinyan1016.hatenablog.com/entry/2025/09/09/073455,no_target,0,7,
2026-04-21 06:37:51,https://hinyan1016.hatenablog.com/entry/2025/09/16/123019,no_target,0,8,
2026-04-21 06:38:05,https://hinyan1016.hatenablog.com/entry/2025/10/27/194453,updated,9,6,
2026-04-21 06:38:20,https://hinyan1016.hatenablog.com/entry/2025/11/08/070832,updated,7,0,
2026-04-21 06:38:35,https://hinyan1016.hatenablog.com/entry/2025/11/19/050125,updated,4,11,
2026-04-21 06:38:48,https://hinyan1016.hatenablog.com/entry/2025/11/30/082846,no_target,0,6,
2026-04-21 06:38:59,https://hinyan1016.hatenablog.com/entry/2025/12/03/144424,updated,1,6,
2026-04-21 06:39:12,https://hinyan1016.hatenablog.com/entry/2025/12/04/185834,no_target,0,6,
2026-04-21 06:39:22,https://hinyan1016.hatenablog.com/entry/2025/12/08/044637,no_target,0,9,
2026-04-21 06:39:32,https://hinyan1016.hatenablog.com/entry/2026/01/06/021814,no_target,0,6,
2026-04-21 06:39:41,https://hinyan1016.hatenablog.com/entry/2026/01/22/085959,no_target,0,11,
2026-04-21 06:39:47,https://hinyan1016.hatenablog.com/entry/2025/08/14/094039,updated,11,5,
2026-04-21 06:40:07,https://hinyan1016.hatenablog.com/entry/2025/08/14/122904,no_target,0,9,
2026-04-21 06:40:24,https://hinyan1016.hatenablog.com/entry/2025/08/14/183023,updated,27,5,
2026-04-21 06:40:43,https://hinyan1016.hatenablog.com/entry/2025/08/21/072820,updated,15,31,
2026-04-21 06:41:02,https://hinyan1016.hatenablog.com/entry/2025/10/30/095502,no_target,0,6,
2026-04-21 06:41:15,https://hinyan1016.hatenablog.com/entry/2025/12/21/223314,no_target,0,6,
2026-04-21 06:41:24,https://hinyan1016.hatenablog.com/entry/2025/12/23/125701,no_target,0,7,
2026-04-21 06:41:33,https://hinyan1016.hatenablog.com/entry/2025/12/30/060731,no_target,0,5,
2026-04-21 06:41:41,https://hinyan1016.hatenablog.com/entry/2026/01/02/180628,updated,2,5,
2026-04-21 06:41:52,https://hinyan1016.hatenablog.com/entry/2025/08/16/083402,updated,3,4,
2026-04-21 06:42:11,https://hinyan1016.hatenablog.com/entry/2025/09/06/052655,updated,7,5,
2026-04-21 06:42:28,https://hinyan1016.hatenablog.com/entry/2025/09/09/153332,no_target,0,4,
2026-04-21 06:42:43,https://hinyan1016.hatenablog.com/entry/2025/10/05/201316,no_target,0,8,
2026-04-21 06:42:56,https://hinyan1016.hatenablog.com/entry/2025/12/21/213447,no_target,0,4,
2026-04-21 06:43:05,https://hinyan1016.hatenablog.com/entry/2025/12/23/144018,no_target,0,4,
2026-04-21 06:43:14,https://hinyan1016.hatenablog.com/entry/2025/12/25/130439,no_target,0,5,
2026-04-21 06:43:22,https://hinyan1016.hatenablog.com/entry/2025/08/17/063231,updated,7,3,
2026-04-21 06:43:42,https://hinyan1016.hatenablog.com/entry/2025/09/01/195249,no_target,0,3,
2026-04-21 06:43:57,https://hinyan1016.hatenablog.com/entry/2025/09/03/092938,no_target,0,6,
2026-04-21 06:44:13,https://hinyan1016.hatenablog.com/entry/2025/09/07/062616,no_target,0,3,
2026-04-21 06:44:28,https://hinyan1016.hatenablog.com/entry/2025/10/01/114329,updated,1,3,
2026-04-21 06:44:44,https://hinyan1016.hatenablog.com/entry/2025/10/19/050931,no_target,0,72,
2026-04-21 06:44:57,https://hinyan1016.hatenablog.com/entry/2025/11/20/085409,no_target,0,3,
2026-04-21 06:45:09,https://hinyan1016.hatenablog.com/entry/2025/12/12/234343,no_target,0,18,
2026-04-21 06:45:19,https://hinyan1016.hatenablog.com/entry/2025/12/24/134243,no_target,0,4,
2026-04-21 06:45:28,https://hinyan1016.hatenablog.com/entry/2025/12/28/074225,updated,11,3,
2026-04-21 06:45:38,https://hinyan1016.hatenablog.com/entry/2026/03/27/201504,no_target,0,2,
2026-04-21 06:45:40,https://hinyan1016.hatenablog.com/entry/2026/03/30/185536,no_target,0,3,
2026-04-21 06:45:41,https://hinyan1016.hatenablog.com/entry/2025/08/10/052804,updated,2,2,
2026-04-21 06:46:01,https://hinyan1016.hatenablog.com/entry/2025/08/18/071851,updated,3,3,
2026-04-21 06:46:20,https://hinyan1016.hatenablog.com/entry/2025/08/26/035806,updated,9,2,
2026-04-21 06:46:38,https://hinyan1016.hatenablog.com/entry/2025/08/28/190822,updated,7,5,
2026-04-21 06:46:56,https://hinyan1016.hatenablog.com/entry/2025/09/06/033840,no_target,0,2,
2026-04-21 06:47:11,https://hinyan1016.hatenablog.com/entry/2025/09/06/050505,updated,2,4,
2026-04-21 06:47:28,https://hinyan1016.hatenablog.com/entry/2025/09/08/073648,no_target,0,3,
2026-04-21 06:47:43,https://hinyan1016.hatenablog.com/entry/2025/09/09/023740,updated,4,2,
2026-04-21 06:48:00,https://hinyan1016.hatenablog.com/entry/2025/09/28/065959,no_target,0,4,
2026-04-21 06:48:14,https://hinyan1016.hatenablog.com/entry/2025/10/02/115704,updated,11,10,
2026-04-21 06:48:29,https://hinyan1016.hatenablog.com/entry/2025/11/11/114414,no_target,0,2,
2026-04-21 06:48:41,https://hinyan1016.hatenablog.com/entry/2025/12/07/105923,no_target,0,5,
2026-04-21 06:48:51,https://hinyan1016.hatenablog.com/entry/2025/12/08/153032,no_target,0,13,
2026-04-21 06:49:02,https://hinyan1016.hatenablog.com/entry/2025/12/11/040651,updated,1,2,
2026-04-21 06:49:14,https://hinyan1016.hatenablog.com/entry/2025/12/12/170644,no_target,0,6,
2026-04-21 06:49:23,https://hinyan1016.hatenablog.com/entry/2025/12/15/171246,updated,11,5,
2026-04-21 06:49:35,https://hinyan1016.hatenablog.com/entry/2025/12/16/152629,no_target,0,3,
2026-04-21 06:49:45,https://hinyan1016.hatenablog.com/entry/2025/12/20/182855,updated,5,2,
2026-04-21 06:49:56,https://hinyan1016.hatenablog.com/entry/2025/12/22/082941,no_target,0,3,
2026-04-21 06:50:05,https://hinyan1016.hatenablog.com/entry/2026/01/02/182831,no_target,0,2,
2026-04-21 06:50:14,https://hinyan1016.hatenablog.com/entry/2026/01/21/111058,no_target,0,2,
2026-04-21 06:50:21,https://hinyan1016.hatenablog.com/entry/2026/03/05/183646,no_target,0,2,
2026-04-21 06:50:24,https://hinyan1016.hatenablog.com/entry/2026/03/19/210503,no_target,0,2,
2026-04-21 06:50:26,https://hinyan1016.hatenablog.com/entry/2026/04/14/200622,no_target,0,2,
2026-04-21 06:50:27,https://hinyan1016.hatenablog.com/entry/2025/08/19/213808,updated,14,6,
2026-04-21 06:50:46,https://hinyan1016.hatenablog.com/entry/2025/09/02/033903,updated,5,4,
2026-04-21 06:51:04,https://hinyan1016.hatenablog.com/entry/2025/09/02/190716,no_target,0,2,
2026-04-21 06:51:19,https://hinyan1016.hatenablog.com/entry/2025/09/15/072322,updated,26,11,
2026-04-21 06:51:36,https://hinyan1016.hatenablog.com/entry/2025/10/08/083506,no_target,0,1,
2026-04-21 06:51:49,https://hinyan1016.hatenablog.com/entry/2025/10/09/101848,updated,7,1,
2026-04-21 06:52:04,https://hinyan1016.hatenablog.com/entry/2025/10/16/110924,no_target,0,3,
2026-04-21 06:52:17,https://hinyan1016.hatenablog.com/entry/2025/10/22/102910,updated,8,3,
2026-04-21 06:52:32,https://hinyan1016.hatenablog.com/entry/2025/12/03/122220,no_target,0,2,
2026-04-21 06:52:43,https://hinyan1016.hatenablog.com/entry/2025/12/05/144847,no_target,0,1,
2026-04-21 06:52:53,https://hinyan1016.hatenablog.com/entry/2025/12/05/192933,no_target,0,1,
2026-04-21 06:53:03,https://hinyan1016.hatenablog.com/entry/2025/12/11/090517,no_target,0,4,
2026-04-21 06:53:13,https://hinyan1016.hatenablog.com/entry/2025/12/22/142408,no_target,0,6,
2026-04-21 06:53:22,https://hinyan1016.hatenablog.com/entry/2026/01/02/222516,updated,3,45,
2026-04-21 06:53:32,https://hinyan1016.hatenablog.com/entry/2026/01/27/012156,no_target,0,1,
2026-04-21 06:53:39,https://hinyan1016.hatenablog.com/entry/2026/03/03/043040,no_target,0,1,
2026-04-21 06:53:43,https://hinyan1016.hatenablog.com/entry/2026/03/07/042637,no_target,0,1,
2026-04-21 06:53:46,https://hinyan1016.hatenablog.com/entry/2026/04/03/214301,no_target,0,1,
2026-04-21 06:53:47,https://hinyan1016.hatenablog.com/entry/2026/04/04/073246,no_target,0,1,
