timestamp,entry_id,title,status,detail,related_count
2026-04-14 23:56:18,17179246901372000527,しびれが出たら何科？ ― 脳神経内科・整形外科・内科の使い分け,ok,https://hinyan1016.hatenablog.com/entry/2026/04/14/200622,5
2026-04-14 23:56:22,17179246901376311807,お風呂で決まって意識を失う — 入浴てんかんの正体と安全対策を脳神経内科医が解説,ok,https://hinyan1016.hatenablog.com/entry/2026/04/14/063202,5
2026-04-14 23:56:24,17179246901372000521,この頭痛、病院に行くべき？ ― 危険な頭痛の見分け方,ok,https://hinyan1016.hatenablog.com/entry/2026/04/13/182624,5
2026-04-14 23:56:27,17179246901372000485,"お酒を飲むと記憶がなくなる理由 ― ""ブラックアウト""のメカニズムを脳神経内科医が解説",ok,https://hinyan1016.hatenablog.com/entry/2026/04/12/200741,5
2026-04-14 23:56:30,17179246901372000480,利き手はなぜ決まるのか？ ― 脳の左右非対称と遺伝のしくみ,ok,https://hinyan1016.hatenablog.com/entry/2026/04/11/083220,5
2026-04-14 23:56:32,17179246901374656842,OCEANIC-STROKE試験の衝撃 ― XIa因子阻害薬asundexianが脳梗塞二次予防を変える,skip,関連記事なし,0
2026-04-14 23:56:33,17179246901372000475,脳は「痛い」と感じない？ ― 脳神経内科医が解説する痛みの仕組みと頭痛の正体,ok,https://hinyan1016.hatenablog.com/entry/2026/04/10/162330,5
2026-04-14 23:56:37,17179246901374895629,令和8年度診療報酬改定の全体像 ― +3.09%改定の内訳と医科の主要変更点を徹底解説,ok,https://hinyan1016.hatenablog.com/entry/2026/04/10/141419,5
2026-04-14 23:56:40,17179246901374646749,低活動性せん妄 ― 「静かなせん妄」を見逃さないための実践ガイド,ok,https://hinyan1016.hatenablog.com/entry/2026/04/09/161517,5
2026-04-14 23:56:43,17179246901372000468,"デジャヴの正体を神経科学で解説 ― ""既視感""はなぜ起きるのか",ok,https://hinyan1016.hatenablog.com/entry/2026/04/09/135347,5
2026-04-14 23:56:59,17179246901374226929,rt-PA静注療法の適応と禁忌を覚えるコツ ― 「時・血・画・出・偽」で整理する,ok,https://hinyan1016.hatenablog.com/entry/2026/04/08/095048,5
2026-04-14 23:57:01,17179246901374206438,プライベートクレジット問題とは？ 3兆ドル市場の構造リスクと今後のシナリオをわかりやすく解説,skip,関連記事なし,0
2026-04-14 23:57:03,17179246901373914109,レベチラセタムの易刺激性・精神症状にビタミンB6は有効か？ エビデンス、使い方、ブリバラセタムとの選び分け,ok,https://hinyan1016.hatenablog.com/entry/2026/04/07/153858,5
2026-04-14 23:57:06,17179246901372000400,なぜあくびはうつるのか？ ― ミラーニューロンと共感の脳科学,ok,https://hinyan1016.hatenablog.com/entry/2026/04/06/071409,5
2026-04-14 23:57:09,17179246901371583952,ストレスで本当に体は動かなくなるのか ― 「機能性神経障害」の真実,ok,https://hinyan1016.hatenablog.com/entry/2026/04/05/081707,5
2026-04-14 23:57:12,17179246901373115344,片側性舞踏病（hemichorea）の鑑別・画像所見・治療を整理する,ok,https://hinyan1016.hatenablog.com/entry/2026/04/05/131547,5
2026-04-14 23:57:15,17179246901371583942,めまいの種類を脳神経内科医が解説 ― 回転性・浮動性・立ちくらみの見分け方,ok,https://hinyan1016.hatenablog.com/entry/2026/04/05/045104,5
2026-04-14 23:57:18,17179246901372662349,パーキンソン病患者のビタミンB6管理｜レボドパ/カルビドパ時代に「避ける」ではなく「評価して補う」,ok,https://hinyan1016.hatenablog.com/entry/2026/04/04/082109,5
2026-04-14 23:57:21,17179246901372583083,アリドネパッチで食欲は改善するのか？ドネペジル貼付剤と食欲・体重の実際,ok,https://hinyan1016.hatenablog.com/entry/2026/04/04/073246,5
2026-04-14 23:57:24,17179246901371583907,片頭痛持ちが知っておくべき5つのこと ― 「我慢しない」ための知識,ok,https://hinyan1016.hatenablog.com/entry/2026/04/02/192008,5
2026-04-14 23:57:27,17179246901371557759,"「あの人の名前が出てこない」は認知症のサインか？ ― ""ふつうの物忘れ""との違い",ok,https://hinyan1016.hatenablog.com/entry/2026/04/01/230038,5
2026-04-14 23:57:30,17179246901371246445,小脳梗塞後のリハビリテーション：エビデンスに基づく回復戦略と最新治療【KOSCO・NIBS・DBS・VR】,ok,https://hinyan1016.hatenablog.com/entry/2026/03/31/171828,5
2026-04-14 23:57:33,17179246901371022240,Tolosa-Hunt症候群（有痛性眼筋麻痺）：診断基準・鑑別診断・治療を徹底解説,ok,https://hinyan1016.hatenablog.com/entry/2026/03/31/001731,5
2026-04-14 23:57:36,17179246901370833624,若年ミオクロニーてんかん（JME）― 見逃されやすい思春期てんかんの診断と最新治療戦略,ok,https://hinyan1016.hatenablog.com/entry/2026/03/30/185614,5
2026-04-14 23:57:39,17179246901370893311,三叉神経痛 ― 神経内科医視点の鑑別診断と治療戦略,ok,https://hinyan1016.hatenablog.com/entry/2026/03/30/185536,5
2026-04-14 23:57:42,17179246901370572474,日本人はどこから来たのか？ — 最新ゲノム解析が明かす三重構造モデルと私たちのDNA,ok,https://hinyan1016.hatenablog.com/entry/2026/03/29/192023,5
2026-04-14 23:57:46,17179246901370554438,【2025-2026年】感染症の最新動向まとめ｜医療従事者が押さえるべき8つのトピック,ok,https://hinyan1016.hatenablog.com/entry/2026/03/29/184944,5
2026-04-14 23:57:49,17179246901369996860,【完全版】細胞外液補充液の使い分け｜生食・リンゲル液を徹底比較,ok,https://hinyan1016.hatenablog.com/entry/2026/03/29/063210,5
2026-04-14 23:57:52,17179246901369793776,ビタミンB12欠乏症の診断と治療【医療従事者向け総説】原因・症状・MMA/ホモシステイン・補充法を最新エビデンスで解説,ok,https://hinyan1016.hatenablog.com/entry/2026/03/27/201504,5
2026-04-14 23:57:55,6802888565238967375,糖尿病合併脳卒中患者の急性期血糖コントロール総説,ok,https://hinyan1016.hatenablog.com/entry/2025/09/18/042901,5
2026-04-14 23:57:58,6802888565237685865,"NAFLDからMAFLD – 脂肪肝は""代謝の病""へ",ok,https://hinyan1016.hatenablog.com/entry/2025/09/17/134525,5
2026-04-14 23:58:01,17179246901369006509,甲状腺機能異常の鑑別診断 ─ TSH×FT4パターン分類と系統的アプローチ,ok,https://hinyan1016.hatenablog.com/entry/2026/03/25/162707,5
2026-04-14 23:58:05,17179246901327094310,二日酔い対策ガイド：メカニズムから予防・対処法まで,ok,https://hinyan1016.hatenablog.com/entry/2025/11/30/164447,5
2026-04-14 23:58:06,17179246901368742238,低栄養患者に「どんどん栄養を入れる」のは正しいか ― 再栄養症候群と急性期栄養管理の考え方,skip,関連記事なし,0
2026-04-14 23:58:07,17179246901368702300,前庭神経炎 ― 脳卒中を除外しながら考える急性めまいの臨床診断,skip,関連記事なし,0
2026-04-14 23:58:07,17179246901368051004,意識消失発作（TLOC）の鑑別診断 — 失神・てんかん・PNESを見極める系統的アプローチ,skip,関連記事なし,0
2026-04-14 23:58:09,17179246901367959744,貧血の鑑別診断 ─ MCV分類と8ステップで系統的に迫る,ok,https://hinyan1016.hatenablog.com/entry/2026/03/22/171026,5
2026-04-14 23:58:12,17179246901367798523,肝機能障害（トランスアミナーゼ上昇）の鑑別診断 ─ 7ステップで系統的に迫る,ok,https://hinyan1016.hatenablog.com/entry/2026/03/22/074748,5
2026-04-14 23:58:14,17179246901367671663,「見えなかった病気のタネ」がついに見えた――TDP-43 PETトレーサーの衝撃,skip,関連記事なし,0
2026-04-14 23:58:14,17179246901367316396,MMTから神経障害部位を推測する ― 脊髄レベル・末梢神経・腕神経叢の局在診断,skip,関連記事なし,0
2026-04-14 23:58:14,17179246901367138398,高カルシウム血症の鑑別診断：PTHを軸にした実践的アプローチ,skip,関連記事なし,0
2026-04-14 23:58:16,17179246901367041186,不明熱（FUO）の鑑別：病型・病因群・PDCで進める実践的アプローチ,ok,https://hinyan1016.hatenablog.com/entry/2026/03/20/082431,5
2026-04-14 23:58:17,17179246901366912092,片麻痺患者の胃管留置で「咽頭交差」を意識する,skip,関連記事なし,0
2026-04-14 23:58:18,17179246901366732794,パーキンソン病における誤嚥性肺炎：早期から予測し、予防する合併症,skip,関連記事なし,0
2026-04-14 23:58:18,17179246901366726390,歩行障害・協調運動障害の鑑別診断｜神経診察で局在を絞る実践的アプローチ,skip,関連記事なし,0
2026-04-14 23:58:20,17179246901366638982,蘇生後の高次脳機能障害 ― 病態、臨床像、評価、予後、リハビリテーション ―,ok,https://hinyan1016.hatenablog.com/entry/2026/03/19/073529,5
2026-04-14 23:58:21,17179246901366122764,てんかん重積で三相波様に見える波形と、代謝性脳症の三相波をどう見分けるか,skip,関連記事なし,0
2026-04-14 23:58:23,17179246901366027709,急性胸痛の鑑別診断：まず危険なものから外す実践的アプローチ,ok,https://hinyan1016.hatenablog.com/entry/2026/03/18/001634,5
2026-04-14 23:58:26,17179246901365687036,正座から立ち上がると、なぜクラッとするのか ― 立ちくらみが起こる理由と、気をつけたいサイン,ok,https://hinyan1016.hatenablog.com/entry/2026/03/17/060041,5
2026-04-14 23:58:29,17179246901365568074,呼吸困難（息切れ）の鑑別診断：重症度・時間経過・病態群で組み立てる実践的アプローチ,ok,https://hinyan1016.hatenablog.com/entry/2026/03/16/194738,5
2026-04-14 23:58:31,17179246901365489579,ジストニア振戦とは何か――本態性振戦・パーキンソン病とどう見分けるか,skip,関連記事なし,0
2026-04-14 23:58:32,17179246901365092569,意識障害の鑑別：局在・病態・時間軸で整理する実践的アプローチ,ok,https://hinyan1016.hatenablog.com/entry/2026/03/15/125012,5
2026-04-14 23:58:36,17179246901365023443,めまいの鑑別：時間経過・誘因・眼球運動から組み立てる実践的アプローチ,ok,https://hinyan1016.hatenablog.com/entry/2026/03/15/090118,5
2026-04-14 23:58:39,17179246901365016347,頭痛の鑑別 ── 二次性頭痛を先に拾い、一次性頭痛を積極的に診断する,ok,https://hinyan1016.hatenablog.com/entry/2026/03/15/083259,5
2026-04-14 23:58:42,17179246901364646319,アルツハイマー病に潜む「見えないてんかん性活動」,ok,https://hinyan1016.hatenablog.com/entry/2026/03/14/071725,5
2026-04-14 23:58:46,17179246901364610959,最新の病院統計が厚労省から公表されたので滋賀県の分をAIで解析,ok,https://hinyan1016.hatenablog.com/entry/2026/03/14/035057,5
2026-04-14 23:58:48,17179246901364310352,動物園のゾウはどうやって運ぶのか！？,ok,https://hinyan1016.hatenablog.com/entry/2026/03/13/184534,5
2026-04-14 23:58:52,17179246901363991053,自己免疫疾患CAR-Tの全体像  ：神経内科医のための整理,ok,https://hinyan1016.hatenablog.com/entry/2026/03/12/103828,5
2026-04-14 23:58:53,17179246901363689098,全身浮腫の鑑別診断 — 系統的アプローチ,skip,関連記事なし,0
2026-04-14 23:58:55,17179246901363628390,重症筋無力症に対するCAR-T療法の新時代 ― Descartes-08（AURORA試験）をわかりやすく解説,ok,https://hinyan1016.hatenablog.com/entry/2026/03/11/105323,5
2026-04-14 23:58:58,17179246901363610098,スマホで撮るだけでパーキンソン病が分かる？──AI動画解析の最前線をやさしく解説,ok,https://hinyan1016.hatenablog.com/entry/2026/03/11/095707,5
2026-04-14 23:59:02,17179246901363564643,YouTube・学会スライドを「読みやすく」する超実用チェックリスト,ok,https://hinyan1016.hatenablog.com/entry/2026/03/11/065455,5
2026-04-14 23:59:03,17179246901363557917,EAN 2024ガイドライン（発表は2026年）：無症候性・乏症候性高CK血症の診断アプローチ,skip,関連記事なし,0
2026-04-14 23:59:05,17179246901363135229,レカネマブ投与を検討していた高齢者で心房細動（Af）が見つかったらどうするか,ok,https://hinyan1016.hatenablog.com/entry/2026/03/10/122240,5
2026-04-14 23:59:08,17179246901362915025,帯状疱疹は「皮膚の病気」ではない ― 神経障害の全体像を理解する,ok,https://hinyan1016.hatenablog.com/entry/2026/03/10/063521,5
2026-04-14 23:59:11,17179246901362344716,エーリッヒ・フロム『愛するということ』をわかりやすく読む — 愛は「気持ち」ではなく「育てる力」である,ok,https://hinyan1016.hatenablog.com/entry/2026/03/09/033450,5
2026-04-14 23:59:14,17179246901362390549,五十肩の非薬物療法 ― 外来で使える実践ガイド,ok,https://hinyan1016.hatenablog.com/entry/2026/03/08/203506,5
2026-04-14 23:59:16,17179246901362174922,🎉 ブログ開設1周年 ── AIと歩んだ900記事超の軌跡,ok,https://hinyan1016.hatenablog.com/entry/2026/03/08/092126,5
2026-04-14 23:59:19,17179246901361733683,Claude4.6opus(claude code)にきいてみた【幸福とは何か──「いい人生」を自分の言葉で語るために】,ok,https://hinyan1016.hatenablog.com/entry/2026/03/07/044726,5
2026-04-14 23:59:22,17179246901361731526,Chat GPT 5.4 proにきいてみた【幸福とは何か――哲学と科学が照らし出す「よく生きる」ための考え方】,ok,https://hinyan1016.hatenablog.com/entry/2026/03/07/042637,5
2026-04-14 23:59:26,17179246901361217842,外傷・術後の抗てんかん薬：いつ始めて、いつ止めるか,ok,https://hinyan1016.hatenablog.com/entry/2026/03/05/185910,5
2026-04-14 23:59:29,17179246901361211386,くも膜嚢胞（Arachnoid Cyst）の臨床総説 — 定義・疫学・病態生理・治療・再発,ok,https://hinyan1016.hatenablog.com/entry/2026/03/05/183646,5
2026-04-14 23:59:32,17179246901361157072,急性期病院から療養型病院への転院を渋る家族への対応 ―急性期医が知っておくべき説明のコツ―,ok,https://hinyan1016.hatenablog.com/entry/2026/03/05/155538,5
2026-04-14 23:59:35,17179246901361012443,めまいに有効な「前庭リハビリ」とは何か ― 脳神経内科医が知っておくべき基本と実践 ―,ok,https://hinyan1016.hatenablog.com/entry/2026/03/05/065757,5
2026-04-14 23:59:38,17179246901360758546,脳神経内科医がよく遭遇する「誤解」10選 — 外来で何度も説明すること,ok,https://hinyan1016.hatenablog.com/entry/2026/03/04/103556,5
2026-04-14 23:59:41,17179246901360752701,脳神経内科医がよく遭遇する「漫然検査」10選 — その検査、本当に必要ですか？,ok,https://hinyan1016.hatenablog.com/entry/2026/03/04/101113,5
2026-04-14 23:59:44,17179246901360741954,脳循環代謝改善薬は本当に必要か？ ― 脳梗塞慢性期で「漫然投与」を見直すための実践ガイド,ok,https://hinyan1016.hatenablog.com/entry/2026/03/04/092253,5
2026-04-14 23:59:48,17179246901360681993,日本で使える花粉症の抗アレルギー薬ガイド（2026年3月時点）,ok,https://hinyan1016.hatenablog.com/entry/2026/03/04/031647,5
2026-04-14 23:59:51,17179246901360547433,花粉症なのに果物で口がかゆい？ ― 花粉食物アレルギー症候群（PFAS）をわかりやすく解説 ―,ok,https://hinyan1016.hatenablog.com/entry/2026/03/03/182951,5
2026-04-14 23:59:52,17179246901360420481,【やさしく解説】個人情報保護法の「3年ごと見直し」で何が変わる？ ― 2026年1月の制度改正方針を徹底解説,skip,関連記事なし,0
2026-04-14 23:59:54,17179246901360322442,眼瞼けいれん（ブレファロスパズム）の実践的総説,ok,https://hinyan1016.hatenablog.com/entry/2026/03/03/051916,5
2026-04-14 23:59:57,17179246901360319727,新型コロナの最近の治療と予防投薬アップデート（2026年3月時点）,ok,https://hinyan1016.hatenablog.com/entry/2026/03/03/045557,5
2026-04-15 00:00:01,17179246901360317705,急性期病院から回復期リハビリ・療養型病院への転院時における抗てんかん薬切替の総合分析,ok,https://hinyan1016.hatenablog.com/entry/2026/03/03/043040,5
2026-04-15 00:00:02,17179246901359990374,受精卵への遺伝子編集――医療の福音か、人類への問いかけか,skip,関連記事なし,0
2026-04-15 00:00:03,17179246901359809975,「誰を助けるか」を問い直す ― 医療費48兆円時代の資源配分論,skip,関連記事なし,0
2026-04-15 00:00:03,17179246901359623374,【徹底解説】救急・集中治療における生命維持治療の終了／差し控えに関する4学会合同ガイドライン（パブリックコメント版）,skip,関連記事なし,0
2026-04-15 00:00:05,17179246901359269935,金縛り（睡眠麻痺）を脳神経内科医が医学的に解説：怖いけれど、多くは「病気ではない」現象です,ok,https://hinyan1016.hatenablog.com/entry/2026/02/28/062454,5
2026-04-15 00:00:06,17179246901359264745,ブリーバラセタム（ブリィビアクト）臨床使いどころ実務ガイド ─ LEVとの関係・スイッチ・周術期運用まで,skip,関連記事なし,0
2026-04-15 00:00:07,17179246901359257390,ブリーバラセタム静注製剤（ブリィビアクト静注25mg）徹底解説 ── 臨床・薬学的視点から,skip,関連記事なし,0
2026-04-15 00:00:08,17179246901358672989,仕事の疲れをとる「エビデンスのある方法」 ― 忙しい医療者にも実践可能な、科学的に支持された回復戦略 ―,ok,https://hinyan1016.hatenablog.com/entry/2026/02/26/115020,5
2026-04-15 00:00:11,17179246901358597003,メトホルミンの糖尿病治療以外の用途に関する最新エビデンスと臨床応用可能性（2026年2月時点）,ok,https://hinyan1016.hatenablog.com/entry/2026/02/26/052406,5
2026-04-15 00:00:13,17179246901358394061,脳神経内科医のリアルなAI活用術 ― 診療・研究会・ブログ・動画、全部AIと一緒にやってます,skip,関連記事なし,0
2026-04-15 00:00:13,17179246901358281594,宇宙医学の最前線,skip,関連記事なし,0
2026-04-15 00:00:15,17179246901358095947,寝違え（急性頸部痛・寝違え症候群）の医学的解説と安全な対処法,ok,https://hinyan1016.hatenablog.com/entry/2026/02/24/185136,5
2026-04-15 00:00:18,17179246901357937383,人間ドックの検査項目：費用対効果が高い検査の見極めと、これから注目される技術,ok,https://hinyan1016.hatenablog.com/entry/2026/02/24/085849,5
2026-04-15 00:00:21,17179246901357932477,受験本番直前にできること：前日・当日の実務チェックガイド,ok,https://hinyan1016.hatenablog.com/entry/2026/02/24/083752,5
2026-04-15 00:00:24,17179246901357886856,頭痛の非薬物療法：生活習慣の改善で頭痛をコントロールする,ok,https://hinyan1016.hatenablog.com/entry/2026/02/24/030954,5
2026-04-15 00:00:26,17179246901357512729,新規抗うつ薬ザズベイ®（ズラノロン）：GABA作動性という新たなアプローチ,skip,関連記事なし,0
2026-04-15 00:00:26,17179246901357501275,治らない神経疾患の告知戦略：絶望を希望へと昇華させる対話の極意,skip,関連記事なし,0
2026-04-15 00:00:28,17179246901356446612,てんかんに対するVNS・DBS・RNS治療を「機序」と「エビデンス」から解説,ok,https://hinyan1016.hatenablog.com/entry/2026/02/20/060049,5
2026-04-15 00:00:31,17179246901356287929,医療安全活動を成功させる方法,ok,https://hinyan1016.hatenablog.com/entry/2026/02/19/164508,5
2026-04-15 00:00:34,17179246901356114862,"フォシーガ5mg→10mg ―「増量」の背景にあったのは重症度ではなく""使う目的""だった（心不全編）",ok,https://hinyan1016.hatenablog.com/entry/2026/02/19/050622,5
2026-04-15 00:00:37,17179246901355624658,被殻出血の解説,ok,https://hinyan1016.hatenablog.com/entry/2026/02/18/010035,5
2026-04-15 00:00:40,17179246901353671997,焦点性てんかん重積状態の急性期から亜急性期におけるMRI所見 ― DWIとASLを中心に,ok,https://hinyan1016.hatenablog.com/entry/2026/02/12/102858,5
2026-04-15 00:00:43,17179246901353584747,アルツハイマー型認知症のバイオマーカー総説 ─ 2024–2025年の診断・治療実装を中心に,ok,https://hinyan1016.hatenablog.com/entry/2026/02/12/010038,5
2026-04-15 00:00:47,17179246901353299724,放射性ヨウ素SPECT検査における甲状腺ブロックまとめ,ok,https://hinyan1016.hatenablog.com/entry/2026/02/11/092458,5
2026-04-15 00:00:50,17179246901353020897,髄液の蛋白細胞乖離：メカニズムと鑑別診断の総説,ok,https://hinyan1016.hatenablog.com/entry/2026/02/10/115631,5
2026-04-15 00:00:53,17179246901352983939,低体温症総説 ― 原因・重症度分類・意識障害・予防・治療,ok,https://hinyan1016.hatenablog.com/entry/2026/02/10/091635,5
2026-04-15 00:00:56,17179246901352864770,認知機能検査で不合格になった高齢運転者に関して：「第1分類」患者への診察と対応ガイド,ok,https://hinyan1016.hatenablog.com/entry/2026/02/09/210130,5
2026-04-15 00:01:00,17179246901352855455,高齢者の難聴には補聴器を – 生活の質と認知機能を守るために,ok,https://hinyan1016.hatenablog.com/entry/2026/02/09/203327,5
2026-04-15 00:01:03,17179246901352733780,"一過性全健忘（Transient Global Amnesia, TGA）とは",ok,https://hinyan1016.hatenablog.com/entry/2026/02/09/123357,5
2026-04-15 00:01:06,17179246901352501896,2026年2月初旬 インフルエンザ流行状況と対策【特にB型の動向】,ok,https://hinyan1016.hatenablog.com/entry/2026/02/08/190841,5
2026-04-15 00:01:09,17179246901351759548,パーキンソン病における脳深部刺激療法（DBS）と集束超音波治療（FUS）,ok,https://hinyan1016.hatenablog.com/entry/2026/02/06/181934,5
2026-04-15 00:01:12,17179246901351758543,医師免許の取消・医業停止処分：最新事例と医師が留意すべきポイント,ok,https://hinyan1016.hatenablog.com/entry/2026/02/06/181603,5
2026-04-15 00:01:15,17179246901351757567,薬を飲んで吐いてしまったとき、追加で薬を飲むべきか？,ok,https://hinyan1016.hatenablog.com/entry/2026/02/06/181222,5
2026-04-15 00:01:18,17179246901351443759,内科外来で患者から信頼を得る初診・再診対応ガイド,ok,https://hinyan1016.hatenablog.com/entry/2026/02/05/192632,5
2026-04-15 00:01:21,17179246901351230507,成人薬剤抵抗性てんかんに対するModified Atkins Diet（MAD）の臨床的意義と実装ポイント,ok,https://hinyan1016.hatenablog.com/entry/2026/02/05/021754,5
2026-04-15 00:01:25,17179246901350949128,視神経炎の評価：非眼科医にもわかる多面的アプローチ,ok,https://hinyan1016.hatenablog.com/entry/2026/02/04/093626,5
2026-04-15 00:01:28,17179246901350938014,速読法の現在の評価を科学的に解説,ok,https://hinyan1016.hatenablog.com/entry/2026/02/04/084657,5
2026-04-15 00:01:31,17179246901350549272,胃全摘術後の栄養不良：栄養素別の病態と対応策,ok,https://hinyan1016.hatenablog.com/entry/2026/02/02/234253,5
2026-04-15 00:01:34,17179246901350480528, 薬剤性パーキンソニズムの見落とし防止とロングアクティング抗精神病薬の留意点 ,ok,https://hinyan1016.hatenablog.com/entry/2026/02/02/203556,5
2026-04-15 00:01:37,17179246901350230702,一般向けの医学啓発記事のまとめ,ok,https://hinyan1016.hatenablog.com/entry/2026/02/02/021350,5
2026-04-15 00:01:40,17179246901350219008,MCIスクリーニング検査プラスと国際的な位置づけ,ok,https://hinyan1016.hatenablog.com/entry/2026/02/02/004130,5
2026-04-15 00:01:43,17179246901350081715,めまいは脳の病気か耳の病気か？中高年に多いめまいを徹底解説,ok,https://hinyan1016.hatenablog.com/entry/2026/02/01/175844,5
2026-04-15 00:01:47,17179246901350030110,脳卒中とTIAの基礎知識・症状・受診の目安・緊急対応ポイント,ok,https://hinyan1016.hatenablog.com/entry/2026/02/01/161420,5
2026-04-15 00:01:50,17179246901349344320,顔面肩甲上腕型筋ジストロフィー（FSHD）総説,ok,https://hinyan1016.hatenablog.com/entry/2026/01/30/180102,5
2026-04-15 00:01:54,17179246901349253046,眠くなくても、睡眠時間を一定以上確保すべきか？,ok,https://hinyan1016.hatenablog.com/entry/2026/01/30/123841,5
2026-04-15 00:01:57,17179246901349122669,ニパウイルス感染症：医療従事者向け包括的解説,ok,https://hinyan1016.hatenablog.com/entry/2026/01/30/025738,5
2026-04-15 00:02:00,17179246901348885440,左側頭葉底面言語野（BTLA）とは？,ok,https://hinyan1016.hatenablog.com/entry/2026/01/29/104848,5
2026-04-15 00:02:03,17179246901348485024,神経痛性筋萎縮症（Parsonage–Turner症候群）,ok,https://hinyan1016.hatenablog.com/entry/2026/01/28/030346,5
2026-04-15 00:02:06,17179246901348385025,ワーファリン vs DOAC：結局どちらが「得」か？,ok,https://hinyan1016.hatenablog.com/entry/2026/01/27/192006,5
2026-04-15 00:02:09,17179246901348165695,日本の税制の最適解：2026年以降の社会・経済環境を踏まえて,ok,https://hinyan1016.hatenablog.com/entry/2026/01/27/012156,5
2026-04-15 00:02:12,17179246901348018287,日本におけるベンゾジアゼピン多用と見直しに関する解説,ok,https://hinyan1016.hatenablog.com/entry/2026/01/26/170935,5
2026-04-15 00:02:15,17179246901347083356,70代後半・白髪・薄毛なしの男性に、ミノキシジル外用は「意味がある」のか？―患者側の素朴な疑問を、エビデンスと添付文書から整理してみた―,ok,https://hinyan1016.hatenablog.com/entry/2026/01/23/213313,5
2026-04-15 00:02:18,17179246901347076045,妊娠と片頭痛の治療：急性期治療と予防療法,ok,https://hinyan1016.hatenablog.com/entry/2026/01/23/210520,5
2026-04-15 00:02:22,17179246901347038830,橈骨神経麻痺（Radial Nerve Palsy）について、生活指導も含めて解説,ok,https://hinyan1016.hatenablog.com/entry/2026/01/23/193813,5
2026-04-15 00:02:25,17179246901346777103,祝10万アクセス！！　自分のAI活用の軌跡、なぜ今すぐ使うべきか,ok,https://hinyan1016.hatenablog.com/entry/2026/01/23/021110,5
2026-04-15 00:02:28,17179246901346665661,多発性骨髄腫の最新治療と予後改善 ～20年間の進歩を振り返る～,ok,https://hinyan1016.hatenablog.com/entry/2026/01/22/183958,5
2026-04-15 00:02:31,17179246901346530301,スマホを使う人は本当にボケにくいのか？医師が認知症予防の観点から解説,ok,https://hinyan1016.hatenablog.com/entry/2026/01/22/115317,5
2026-04-15 00:02:34,17179246901346510163,車酔い（動揺病・乗り物酔い）について、医師が分かりやすく解説！,ok,https://hinyan1016.hatenablog.com/entry/2026/01/22/085959,5
2026-04-15 00:02:38,17179246901346153458,良性成人型家族性ミオクローヌスてんかん（BAFME）総説,ok,https://hinyan1016.hatenablog.com/entry/2026/01/21/111058,5
2026-04-15 00:02:41,17179246901346152755,神経核内封入体病（NIID）の最新解説：疫学から病態、診断、治療まで,ok,https://hinyan1016.hatenablog.com/entry/2026/01/21/111020,5
2026-04-15 00:02:44,17179246901345922590,筋強直性ジストロフィー（Myotonic Dystrophy）の概要と未来の治療,ok,https://hinyan1016.hatenablog.com/entry/2026/01/20/113547,5
2026-04-15 00:02:48,17179246901345707168,後頭神経痛の生活指導：再発を減らすための「姿勢・首肩の負荷・睡眠」マネジメント,ok,https://hinyan1016.hatenablog.com/entry/2026/01/19/200740,5
2026-04-15 00:02:51,17179246901344826231,"妊娠でだけ発作が出るLTG症例：血中濃度が""1/3""になる人をどう守るか",ok,https://hinyan1016.hatenablog.com/entry/2026/01/17/093117,5
2026-04-15 00:02:55,17179246901344817682,カルバマゼピンの薬物相互作用：機序・臨床意義と対策,ok,https://hinyan1016.hatenablog.com/entry/2026/01/17/085422,5
2026-04-15 00:02:58,17179246901344638809,三叉神経痛と口腔セネストパチーの鑑別,ok,https://hinyan1016.hatenablog.com/entry/2026/01/16/190157,5
2026-04-15 00:03:01,17179246901344590421,上肢筋力低下に関する身体障害者手帳認定基準の解説,ok,https://hinyan1016.hatenablog.com/entry/2026/01/16/161323,5
2026-04-15 00:03:04,17179246901344443635,VO₂max（最大酸素摂取量）の医学的意義と測定・改善ガイド,ok,https://hinyan1016.hatenablog.com/entry/2026/01/16/083556,5
2026-04-15 00:03:07,17179246901344397121,医学と関係ない動画まとめ,ok,https://hinyan1016.hatenablog.com/entry/2026/01/16/014038,5
2026-04-15 00:03:10,17179246901344279632,科学技術力で中国を侮ることの危険性,ok,https://hinyan1016.hatenablog.com/entry/2026/01/16/000557,5
2026-04-15 00:03:14,17179246901344136137,セフォタキシム：基礎から臨床までの総合解説,ok,https://hinyan1016.hatenablog.com/entry/2026/01/15/104221,5
2026-04-15 00:03:17,17179246901343867124,セフトリアキソン：基礎から実臨床までの詳細ガイド,ok,https://hinyan1016.hatenablog.com/entry/2026/01/14/120808,5
2026-04-15 00:03:20,17179246901343865131,アンピシリン・スルバクタム（スルバシリン®）総合解説 ～基礎から臨床まで～,ok,https://hinyan1016.hatenablog.com/entry/2026/01/14/234123,5
2026-04-15 00:03:23,17179246901343668746,自己免疫性脳炎後てんかんにおける治療終了戦略,ok,https://hinyan1016.hatenablog.com/entry/2026/01/13/234631,5
2026-04-15 00:03:27,17179246901343667495,後縦靱帯骨化症（OPLL）とは,ok,https://hinyan1016.hatenablog.com/entry/2026/01/13/234604,5
2026-04-15 00:03:30,17179246901343661974,肝硬変による胸水（肝性胸水）の特徴と治療,ok,https://hinyan1016.hatenablog.com/entry/2026/01/13/234528,5
2026-04-15 00:03:33,17179246901343753112,パーキンソン病患者の身体障害者手帳―ON/OFF変動がある場合の認定と診断書作成,ok,https://hinyan1016.hatenablog.com/entry/2026/01/13/234456,5
2026-04-15 00:03:36,17179246901343593695,肺癌化学療法の進歩（2006–2026）：非小細胞肺癌と小細胞肺癌の20年の歩み,ok,https://hinyan1016.hatenablog.com/entry/2026/01/13/174156,5
2026-04-15 00:03:39,17179246901343507627,HV・EV・PHVの環境性能比較（日本の電力事情を踏まえて10年間使用時）,ok,https://hinyan1016.hatenablog.com/entry/2026/01/13/151818,5
2026-04-15 00:03:42,17179246901343452085,生きがい探しの完全ガイド：科学的根拠と実践的ステップで見つける、あなただけの「人生の羅針盤」,ok,https://hinyan1016.hatenablog.com/entry/2026/01/13/030022,5
2026-04-15 00:03:45,17179246901343401968,なぜ「普通の日々」が、幸福の答えなのか？——科学と哲学が解き明かす、ありふれた日常の価値,ok,https://hinyan1016.hatenablog.com/entry/2026/01/12/223601,5
2026-04-15 00:03:48,17179246901343094112,冬に屋根を開けて走るオープンカーが意外と暖かい理由,ok,https://hinyan1016.hatenablog.com/entry/2026/01/12/040416,5
2026-04-15 00:03:51,17179246901343085389,地球温暖化の実態：最新の科学と社会動向,ok,https://hinyan1016.hatenablog.com/entry/2026/01/12/022008,5
2026-04-15 00:03:54,17179246901342961526,電気自動車は本当に環境に良い選択か？総合的な考察,ok,https://hinyan1016.hatenablog.com/entry/2026/01/11/190850,5
2026-04-15 00:03:57,17179246901342149412,トランプ大統領が66の国際機関から米国脱退を指示 – 何が起きたのか？,ok,https://hinyan1016.hatenablog.com/entry/2026/01/10/025002,5
2026-04-15 00:04:01,17179246901342210426,高脂血症治療の最新知見 ～LDLとTG、それぞれへのアプローチ～,ok,https://hinyan1016.hatenablog.com/entry/2026/01/10/024125,5
2026-04-15 00:04:04,17179246901341707297,医療従事者が知っているべき「高血圧」解説（日本の疫学＋JSH2025の考え方）,ok,https://hinyan1016.hatenablog.com/entry/2026/01/08/132500,5
2026-04-15 00:04:07,17179246901341781580,高齢者のインフルエンザで言動がおかしいのは、脳症ではなく「せん妄」であることが多い,ok,https://hinyan1016.hatenablog.com/entry/2026/01/08/112543,5
2026-04-15 00:04:10,17179246901341322136,ベネズエラ：チャベスからマドゥロまで – 反米革命とその行方,ok,https://hinyan1016.hatenablog.com/entry/2026/01/07/063857,5
2026-04-15 00:04:13,17179246901341100178,周術期抗血栓薬管理と脳梗塞予防：外科からの相談に答える実践ガイド,ok,https://hinyan1016.hatenablog.com/entry/2026/01/06/132508,5
2026-04-15 00:04:17,17179246901340992606,腓骨神経麻痺と日常生活：転倒予防と生活の工夫,ok,https://hinyan1016.hatenablog.com/entry/2026/01/06/023400,5
2026-04-15 00:04:20,17179246901340991340,高尿酸血症と薬物治療,ok,https://hinyan1016.hatenablog.com/entry/2026/01/06/021814,5
2026-04-15 00:04:23,17179246901340907742,MRI検査と閉所恐怖症への対応・鎮静管理 総説,ok,https://hinyan1016.hatenablog.com/entry/2026/01/05/204955,5
2026-04-15 00:04:27,17179246901340211688,レアアース供給を巡る中国の存在感：,ok,https://hinyan1016.hatenablog.com/entry/2026/01/03/224648,5
2026-04-15 00:04:30,17179246901339670120,もやもや病に伴う脳梗塞：解説,ok,https://hinyan1016.hatenablog.com/entry/2026/01/02/222516,5
2026-04-15 00:04:33,17179246901339599588,救急搬送後24時間以内の死亡＝必ず警察？｜異状死届出の考え方（医師向け）,ok,https://hinyan1016.hatenablog.com/entry/2026/01/02/182831,5
2026-04-15 00:04:36,17179246901339594096,外見自己評価（ボディイメージ）とメンタルヘルスの関係,ok,https://hinyan1016.hatenablog.com/entry/2026/01/02/180628,5
2026-04-15 00:04:39,17179246901339033871,医学に直接関係のない最近の動画まとめ,ok,https://hinyan1016.hatenablog.com/entry/2026/01/01/110301,5
2026-04-15 00:04:42,17179246901338905105,謹賀新年　本年もよろしくお願いいたします！,ok,https://hinyan1016.hatenablog.com/entry/2026/01/01/001520,5
2026-04-15 00:04:45,17179246901338841695,境界領域の患者は誰が主担当？──総合病院あるあるをAI 4種に聞いてみた,ok,https://hinyan1016.hatenablog.com/entry/2025/12/31/204902,5
2026-04-15 00:04:48,17179246901338796172,りんご飴を「きれいに切る」コツ完全ガイド,ok,https://hinyan1016.hatenablog.com/entry/2025/12/31/183901,5
2026-04-15 00:04:51,17179246901338462562,腸内ガス（おなら）のにおいの原因：医学的メカニズムと対策,ok,https://hinyan1016.hatenablog.com/entry/2025/12/31/001043,5
2026-04-15 00:04:55,17179246901337954405,生成AIの規制・著作権・責任問題をめぐる論点整理,ok,https://hinyan1016.hatenablog.com/entry/2025/12/29/171922,5
2026-04-15 00:04:58,17179246901337799758,医療従事者のための性的指向・性嗜好・パラフィリアの理解と対応,ok,https://hinyan1016.hatenablog.com/entry/2025/12/29/105701,5
2026-04-15 00:05:01,17179246901337705748,原発再稼働の論点整理：リスク・コスト・代替手段を比較,ok,https://hinyan1016.hatenablog.com/entry/2025/12/28/214258,5
2026-04-15 00:05:05,17179246901337698996,防衛費増額と財源：抑止力強化 vs 財政負担,ok,https://hinyan1016.hatenablog.com/entry/2025/12/28/212135,5
2026-04-15 00:05:08,17179246901337688185,移民・外国人労働者受け入れの前提知識を学ぶ,ok,https://hinyan1016.hatenablog.com/entry/2025/12/28/204520,5
2026-04-15 00:05:11,17179246901337669419,選択的夫婦別姓をめぐる論点整理,ok,https://hinyan1016.hatenablog.com/entry/2025/12/28/194119,5
2026-04-15 00:05:14,17179246901337461359,2025年版：アトピー性皮膚炎の外用治療ガイド ～20年でここまで進歩しました！～,ok,https://hinyan1016.hatenablog.com/entry/2025/12/28/085237,5
2026-04-15 00:05:17,17179246901337402199,京都市の財政：現状と課題、そして未来への展望,ok,https://hinyan1016.hatenablog.com/entry/2025/12/28/074225,5
2026-04-15 00:05:21,17179246901337106108,サウナ・温冷交代浴の科学：「整う」感覚のメカニズムと健康への影響,ok,https://hinyan1016.hatenablog.com/entry/2025/12/27/072816,5
2026-04-15 00:05:24,17179246901336609318,神経梅毒（Neurosyphilis）：疫学から治療・フォローアップまで,ok,https://hinyan1016.hatenablog.com/entry/2025/12/25/190036,5
2026-04-15 00:05:27,17179246901336497802,繰り返される頭部衝撃の長期影響：認知機能低下とパーキンソニズムに関する最新エビデンス,ok,https://hinyan1016.hatenablog.com/entry/2025/12/25/155947,5
2026-04-15 00:05:30,17179246901336545047,急性腎不全（AKI）の鑑別と初期対応 —腎臓専門でない内科医のための実践ガイド—,ok,https://hinyan1016.hatenablog.com/entry/2025/12/25/151146,5
2026-04-15 00:05:34,17179246901336511810,MRIで占拠性病変が否定されたにも関わらず生じる鬱血乳頭：専門医レベルの対応,ok,https://hinyan1016.hatenablog.com/entry/2025/12/25/130439,5
2026-04-15 00:05:37,17179246901336153748,出血性脳梗塞を伴う心原性脳塞栓症：抗凝固療法開始の考え方,ok,https://hinyan1016.hatenablog.com/entry/2025/12/24/141131,5
2026-04-15 00:05:40,17179246901336089577,内科医のための静注用脂肪乳剤（イントラリポスなど）安全使用ガイド：中性脂肪モニタリングを中心に,ok,https://hinyan1016.hatenablog.com/entry/2025/12/24/134243,5
2026-04-15 00:05:43,17179246901336075185,日本における抗てんかん薬の定期検査とモニタリングまとめ,ok,https://hinyan1016.hatenablog.com/entry/2025/12/24/090816,5
2026-04-15 00:05:46,17179246901335329435,観念運動失行（Ideomotor Apraxia）：概念・病態・診察法の総説,ok,https://hinyan1016.hatenablog.com/entry/2025/12/23/144018,5
2026-04-15 00:05:49,17179246901335794955,海外支援と国内支援はどこで線を引くべきか,ok,https://hinyan1016.hatenablog.com/entry/2025/12/23/125701,5
2026-04-15 00:05:53,17179246901335708194,日本の世代別解説：団塊世代からZ世代・α世代まで,ok,https://hinyan1016.hatenablog.com/entry/2025/12/23/070547,5
2026-04-15 00:05:56,17179246901335151104,てんかん後精神病（Postictal Psychosis：PIP）総説,ok,https://hinyan1016.hatenablog.com/entry/2025/12/22/231941,5
2026-04-15 00:05:59,17179246901335470335,「割のいいギャンブル」は存在するのか？還元率から見る各ギャンブルの真実,ok,https://hinyan1016.hatenablog.com/entry/2025/12/22/142408,5
2026-04-15 00:06:02,17179246901335128300,WAIS-R・WAIS-III・WAIS-IVの違い ― 何が変わり、臨床で何が読み取りやすくなったのか,ok,https://hinyan1016.hatenablog.com/entry/2025/12/21/223314,5
2026-04-15 00:06:05,17179246901335109545,原発性側索硬化症（Primary Lateral Sclerosis: PLS）総説―診断基準・鑑別・評価と最新動向,ok,https://hinyan1016.hatenablog.com/entry/2025/12/21/213230,5
2026-04-15 00:06:08,17179246901334686478,研究会発表（PowerPoint）で失敗しないフォント選び,ok,https://hinyan1016.hatenablog.com/entry/2025/12/20/182855,5
2026-04-15 00:06:11,17179246901334403650,Kesimpta（オファツムマブ）EMA製品情報更新（2025年12月16日）― 感染症リスク管理の強化と安全対策,ok,https://hinyan1016.hatenablog.com/entry/2025/12/19/184556,5
2026-04-15 00:06:14,17179246901334286682,「罰」から「賞賛」へ？ 医療現場の常識を覆す、安全性を劇的に高める5つの逆説的アプローチ,ok,https://hinyan1016.hatenablog.com/entry/2025/12/19/072040,5
2026-04-15 00:06:17,17179246901333981450,片付けが苦手な人が「自分を変える」ためにできること,ok,https://hinyan1016.hatenablog.com/entry/2025/12/18/184241,5
2026-04-15 00:06:21,17179246901334016691,Google翻訳×英語サイトで、脳神経内科の「情報の遅れ」をゼロにする,ok,https://hinyan1016.hatenablog.com/entry/2025/12/18/184208,5
2026-04-15 00:06:24,17179246901333716079,ペンで始める「絵の上達方法」入門（小学生レベルからOK）,ok,https://hinyan1016.hatenablog.com/entry/2025/12/17/160256,5
2026-04-15 00:06:27,17179246901334112278,ランバート・イートン筋無力症候群（LEMS）—診断・治療とファダプス®の実装ガイド,ok,https://hinyan1016.hatenablog.com/entry/2025/12/18/183952,5
2026-04-15 00:06:30,17179246901333747979,茶道入門：歴史から流派の違い・お茶会の楽しみ方まで,ok,https://hinyan1016.hatenablog.com/entry/2025/12/17/165130,5
2026-04-15 00:06:33,17179246901333710215,生成AIサービスの中国へのデータ提供リスクまとめ,ok,https://hinyan1016.hatenablog.com/entry/2025/12/17/154212,5
2026-04-15 00:06:36,17179246901333699028,休日・年末年始のカルテ記載はどうするべきか ―保険診療のルールから整理する「遅滞なく」と、ICU/SCU/救急の実務運用―,ok,https://hinyan1016.hatenablog.com/entry/2025/12/17/150424,5
2026-04-15 00:06:37,17179246901333645711,保険診療における病名入力と検査の実務ガイド,skip,関連記事なし,0
2026-04-15 00:06:39,17179246901333613615,年賀状の「いま」を知る：歴史・文化・現状・これからと、失礼にならない書き方／NG集（保存版）,ok,https://hinyan1016.hatenablog.com/entry/2025/12/17/090854,5
2026-04-15 00:06:43,17179246901333447881,両側視床FLAIR高信号の鑑別診断：実践的アプローチ,ok,https://hinyan1016.hatenablog.com/entry/2025/12/16/222109,5
2026-04-15 00:06:46,17179246901333442162,日本で使えるAI問診ツール最新比較,ok,https://hinyan1016.hatenablog.com/entry/2025/12/16/220050,5
2026-04-15 00:06:49,17179246901333375839,半固形剤、ラコールからイノソリッドへ,ok,https://hinyan1016.hatenablog.com/entry/2025/12/16/182311,5
2026-04-15 00:06:52,17179246901333311110,機能性神経障害（FND）患者の職場提出用診断書の書き方,ok,https://hinyan1016.hatenablog.com/entry/2025/12/16/152629,5
2026-04-15 00:06:55,17179246901333268906,人生は何で決まる？遺伝・環境・努力の真実を科学する,ok,https://hinyan1016.hatenablog.com/entry/2025/12/16/123701,5
2026-04-15 00:06:58,17179246901333215740,生成AIの進歩と、私の実践的な使い方,ok,https://hinyan1016.hatenablog.com/entry/2025/12/16/091311,5
2026-04-15 00:07:01,17179246901333182163,勉強をするのは何のためか――人生の問いをChatGPT5.2pro extended thinkingにきく,ok,https://hinyan1016.hatenablog.com/entry/2025/12/16/060521,5
2026-04-15 00:07:04,17179246901333012213,昭和（1980年代）と令和（2020年代）の社会科（歴史分野）教科書の比較,ok,https://hinyan1016.hatenablog.com/entry/2025/12/15/171246,5
2026-04-15 00:07:07,17179246901332868306,フィッシング詐欺メールの見分け方：騙されないための実践チェックリスト,ok,https://hinyan1016.hatenablog.com/entry/2025/12/15/091336,5
2026-04-15 00:07:10,17179246901332030066,胃全摘術後患者における抗血小板療法中の消化管粘膜保護戦略：PPI・P-CABの薬理学的妥当性と臨床的意義,ok,https://hinyan1016.hatenablog.com/entry/2025/12/12/234343,5
2026-04-15 00:07:14,17179246901331932548,脳腱黄色腫症（Cerebrotendinous Xanthomatosis: CTX）に関する専門的解説,ok,https://hinyan1016.hatenablog.com/entry/2025/12/12/175114,5
2026-04-15 00:07:17,17179246901331919050,機能性発作（Functional Seizures）管理ガイドライン2025：AAN実践指針の要点,ok,https://hinyan1016.hatenablog.com/entry/2025/12/12/170644,5
2026-04-15 00:07:20,17179246901331430646,患者同意なき診療情報提供の法解釈と医療機関の対応指針,ok,https://hinyan1016.hatenablog.com/entry/2025/12/11/154224,5
2026-04-15 00:07:23,17179246901331386811,プロジェクションマッピング完全解説 — 仕組みから実践まで,ok,https://hinyan1016.hatenablog.com/entry/2025/12/11/123534,5
2026-04-15 00:07:26,17179246901331331350,歴史は身体に刻まれる：幼少期の飢餓と将来の糖尿病リスクの意外な関係,ok,https://hinyan1016.hatenablog.com/entry/2025/12/11/094456,5
2026-04-15 00:07:29,17179246901331313302,なぜニトリの「Nウォーム（特にダブルスーパー）」は暖かいのか？仕組みをわかりやすく解説,ok,https://hinyan1016.hatenablog.com/entry/2025/12/11/090517,5
2026-04-15 00:07:31,17179246901331248968,BAKUNE（遠赤外線睡眠ウェア）のエビデンス評価 ─ 医療従事者向け解説,ok,https://hinyan1016.hatenablog.com/entry/2025/12/11/040651,5
2026-04-15 00:07:35,17179246901330689579,成人の感覚性ポリニューロパチーの鑑別診断,ok,https://hinyan1016.hatenablog.com/entry/2025/12/09/214202,5
2026-04-15 00:07:38,17179246901330493774,GABAサプリメントのエビデンス：ストレス・睡眠・血圧への効果を科学的に検証,ok,https://hinyan1016.hatenablog.com/entry/2025/12/09/102429,5
2026-04-15 00:07:40,17179246901330450061,しゃっくりの謎を解明する ― 神経反射が生み出すメカニズム,skip,関連記事なし,0
2026-04-15 00:07:41,17179246901330304502,⛸️ スケートリンクの氷はどうやって作るのか？,ok,https://hinyan1016.hatenablog.com/entry/2025/12/08/193047,5
2026-04-15 00:07:45,17179246901330225698,静脈血栓塞栓症（VTE）のリスク評価 – 2025年改訂ガイドラインに基づく対象別アプローチ,ok,https://hinyan1016.hatenablog.com/entry/2025/12/08/153032,5
2026-04-15 00:07:48,17179246901330079094,重症筋無力症クリーゼ：最新ガイドラインに基づく診断と治療,ok,https://hinyan1016.hatenablog.com/entry/2025/12/08/051011,5
2026-04-15 00:07:51,17179246901330076656,重症筋無力症（MG）に使える補体阻害薬 ― エクリズマブ・ラブリズマブ・ジルコプランの使い分け,ok,https://hinyan1016.hatenablog.com/entry/2025/12/08/044637,5
2026-04-15 00:07:54,17179246901329714506,高額抗体医薬は病院経営の「救世主」か「金食い虫」か？,ok,https://hinyan1016.hatenablog.com/entry/2025/12/07/112059,5
2026-04-15 00:07:57,17179246901329706783,全身型MGにおけるFcRn阻害薬の「使い分け」実践ポイント,ok,https://hinyan1016.hatenablog.com/entry/2025/12/07/105923,5
2026-04-15 00:08:00,17179246901329592579,生活習慣病と新しい治療法,ok,https://hinyan1016.hatenablog.com/entry/2025/12/07/000350,5
2026-04-15 00:08:01,17179246901329254512,重症筋無力症の免疫療法：従来治療から分子標的薬まで,skip,関連記事なし,0
2026-04-15 00:08:03,17179246901329125944,【新薬解説】ALS治療薬「ロゼバラミン（メコバラミン高用量製剤）」の臨床的意義とエビデンス,ok,https://hinyan1016.hatenablog.com/entry/2025/12/05/192933,5
2026-04-15 00:08:06,17179246901329036732,易怒性（イライラ・怒りっぽさ）のコントロール：非薬物療法と薬物療法,ok,https://hinyan1016.hatenablog.com/entry/2025/12/05/150020,5
2026-04-15 00:08:08,17179246901329033069,【実践】パーキンソン病患者のせん妄：評価から治療まで ─ 経口摂取不可時の対応を含めて,skip,関連記事なし,0
2026-04-15 00:08:10,17179246901328689376,『心因性』から『機能性神経障害』へ――転換性障害／PNES（機能性発作）の現在地,ok,https://hinyan1016.hatenablog.com/entry/2025/12/04/185834,5
2026-04-15 00:08:11,17179246901328688471,機能性神経障害（FND）vs. 器質疾患：診察手技の完全ガイド【2025年最新版】,skip,関連記事なし,0
2026-04-15 00:08:13,17179246901328648113,リメゲパント（ナルティーク）とは ― 片頭痛の急性期治療と発作予防の両方に使える日本初の経口CGRP受容体拮抗薬,ok,https://hinyan1016.hatenablog.com/entry/2025/12/04/174150,5
2026-04-15 00:08:16,17179246901328452682,多発性硬化症：2024年改訂マクドナルド診断基準の要点,ok,https://hinyan1016.hatenablog.com/entry/2025/12/04/093814,5
2026-04-15 00:08:19,17179246901328203860,ボツ記事をイラストでまとめました,ok,https://hinyan1016.hatenablog.com/entry/2025/12/03/163913,5
2026-04-15 00:08:23,17179246901328201837,皮質下フレイル（Subcortical Frailty）とは,ok,https://hinyan1016.hatenablog.com/entry/2025/12/03/144424,5
2026-04-15 00:08:26,17179246901328148861,血栓回収療法の適応：最新ガイドラインと臨床試験に基づく実践的アプローチ,ok,https://hinyan1016.hatenablog.com/entry/2025/12/03/122220,5
2026-04-15 00:08:29,17179246901328103149,ビタミンB12欠乏症：診断と治療の体系的アプローチ,ok,https://hinyan1016.hatenablog.com/entry/2025/12/03/094320,5
2026-04-15 00:08:33,17179246901328059605,ドパミンアゴニスト離脱症候群（DAWS）：パーキンソン病治療における「諸刃の剣」,ok,https://hinyan1016.hatenablog.com/entry/2025/12/03/061931,5
2026-04-15 00:08:36,17179246901327933911,タダラフィルはアンチエイジングに効くのか？科学的根拠に基づく検証,ok,https://hinyan1016.hatenablog.com/entry/2025/12/02/195649,5
2026-04-15 00:08:39,17179246901327800215,2025年12月時点でのインフルエンザ流行状況とその特徴,ok,https://hinyan1016.hatenablog.com/entry/2025/12/02/122106,5
2026-04-15 00:08:42,17179246901327594122,意識消失発作と「いびき」― 失神とてんかんをどう見分けるか,ok,https://hinyan1016.hatenablog.com/entry/2025/12/01/201733,5
2026-04-15 00:08:45,17179246901327582937,尺骨神経障害の生活指導 ―肘部管症候群・ギオン管症候群を中心に―,ok,https://hinyan1016.hatenablog.com/entry/2025/12/01/194131,5
2026-04-15 00:08:48,17179246901326927067,レケンビ皮下注オートインジェクター申請が意味するもの,ok,https://hinyan1016.hatenablog.com/entry/2025/11/30/082846,5
2026-04-15 00:08:51,17179246901326432779,群発頭痛の診断と治療【2025年最新版】,ok,https://hinyan1016.hatenablog.com/entry/2025/11/28/211119,5
2026-04-15 00:08:54,17179246901326420247,脊髄小脳変性症のリハビリテーション：ガイドラインと最新エビデンスに基づく初期指導,ok,https://hinyan1016.hatenablog.com/entry/2025/11/28/202940,5
2026-04-15 00:08:58,17179246901325789555,GLP-1受容体作動薬は膵臓を疲弊させるのか？最新エビデンスまとめ,ok,https://hinyan1016.hatenablog.com/entry/2025/11/27/093345,5
2026-04-15 00:09:00,17179246901325439793,【完全攻略】t-PA（アルテプラーゼ）適応・禁忌の「ロジカルな覚え方」,ok,https://hinyan1016.hatenablog.com/entry/2025/11/26/101309,5
2026-04-15 00:09:04,17179246901325244543,不顕性誤嚥と逆流性誤嚥における神経学的・消化器学的クロストーク：脳神経内科医のための包括的マネジメントと治療戦略,ok,https://hinyan1016.hatenablog.com/entry/2025/11/25/201026,5
2026-04-15 00:09:07,17179246901325039144,"ゲーム課金が止まらない「本当の理由」とは？意志力に頼らず""沼""から抜け出す5つの科学的戦略",ok,https://hinyan1016.hatenablog.com/entry/2025/11/25/091008,5
2026-04-15 00:09:10,17179246901324959135,なぜか人生が楽な人が実践している「鈍感力」という最強スキル,ok,https://hinyan1016.hatenablog.com/entry/2025/11/25/030708,5
2026-04-15 00:09:13,17179246901324472301,マイナスイオンの正体と真実：物理学的矛盾と健康効果の狭間で,ok,https://hinyan1016.hatenablog.com/entry/2025/11/23/190530,5
2026-04-15 00:09:16,17179246901324310834,【徹底解説】パフェ・サンデーの違いを完全理解！スイーツの歴史と定義,ok,https://hinyan1016.hatenablog.com/entry/2025/11/23/095713,5
2026-04-15 00:09:18,17179246901324301968,【当直明けの至福】なぜ病院のシャワーは、あんなにも「圧」が強くて最高なのか？,ok,https://hinyan1016.hatenablog.com/entry/2025/11/23/091617,5
2026-04-15 00:09:21,17179246901323327677,【逆紹介の作法】予約なし患者への紹介状FAX送信の適否,ok,https://hinyan1016.hatenablog.com/entry/2025/11/20/143813,5
2026-04-15 00:09:24,17179246901323298991,「病院でスマホは禁止」はもう古い？医療現場の電波事情と本当に気をつけるべき現代のリスク,ok,https://hinyan1016.hatenablog.com/entry/2025/11/20/123541,5
2026-04-15 00:09:27,17179246901323242125,生物学的年齢は信頼できるか？エピゲノム解析とDNAメチル化の科学的根拠【2025年最新】,ok,https://hinyan1016.hatenablog.com/entry/2025/11/20/085409,5
2026-04-15 00:09:30,17179246901323239493,【日本ファーストの平和論】なぜ私は、毅然とした態度よりも「中国と仲良くすること」に国益を見るのか,ok,https://hinyan1016.hatenablog.com/entry/2025/11/20/084250,5
2026-04-15 00:09:33,17179246901322893727,医学的に正しい入浴法：疲労回復と快眠のための完全ガイド,ok,https://hinyan1016.hatenablog.com/entry/2025/11/19/063658,5
2026-04-15 00:09:37,17179246901322879779,網膜中心動脈閉塞症（CRAO）の治療：脳神経内科専門医の視点,ok,https://hinyan1016.hatenablog.com/entry/2025/11/19/050125,5
2026-04-15 00:09:40,17179246901322877836,CJD患者におけるPSD出現のタイミングと診断的意義,ok,https://hinyan1016.hatenablog.com/entry/2025/11/19/044337,5
2026-04-15 00:09:43,17179246901322414232,NST回診でのベッドサイド評価：問診・診察・観察の実践ガイド,ok,https://hinyan1016.hatenablog.com/entry/2025/11/18/105214,5
2026-04-15 00:09:46,17179246901322150186,ERAS時代の周術期栄養管理：NSTの実務ガイド,ok,https://hinyan1016.hatenablog.com/entry/2025/11/18/062815,5
2026-04-15 00:09:49,17179246901320930343,学会発表スライドは「体言止め」か「文」か？,ok,https://hinyan1016.hatenablog.com/entry/2025/11/17/031220,5
2026-04-15 00:09:52,17179246901318917505,50歳から始める帯状疱疹予防:シングリックス(不活化)とビケン(生ワクチン)徹底比較,ok,https://hinyan1016.hatenablog.com/entry/2025/11/14/193519,5
2026-04-15 00:09:53,17179246901318820535,脳卒中後の「隠れ心房細動」を見つける新しい方法 ― BNP検査の可能性,skip,関連記事なし,0
2026-04-15 00:09:55,17179246901317914306,日本の紅葉：色づくメカニズムと気候・地域差の科学的解説,ok,https://hinyan1016.hatenablog.com/entry/2025/11/13/121514,5
2026-04-15 00:09:58,17179246901317881572,車の窓ガラスが曇る原因と対策完全ガイド〜内側・外側の曇りを徹底解説〜,ok,https://hinyan1016.hatenablog.com/entry/2025/11/13/112926,5
2026-04-15 00:10:01,17179246901317824028,加齢臭とは何か:原因と対策の総説,ok,https://hinyan1016.hatenablog.com/entry/2025/11/13/092759,5
2026-04-15 00:10:04,17179246901316601930,レビー小体型認知症（DLB）における幻視への対策,ok,https://hinyan1016.hatenablog.com/entry/2025/11/11/114414,5
2026-04-15 00:10:06,17179246901316457461,ボルノレキサント（ボルズィ）の概要と作用機序,skip,関連記事なし,0
2026-04-15 00:10:06,17179246901316443161,11月11日の主な記念日一覧,skip,関連記事なし,0
2026-04-15 00:10:08,17179246901315709379,コラージュフルフルとは：抗真菌成分配合の低刺激性ヘア・ボディケアシリーズ,ok,https://hinyan1016.hatenablog.com/entry/2025/11/10/084626,5
2026-04-15 00:10:10,17179246901315707174,和歌山県北山村はなぜ「飛び地」になったのか？歴史的経緯と現代の行政システム,skip,関連記事なし,0
2026-04-15 00:10:10,17179246901314161188,神経障害性疼痛:診断から最新治療まで,skip,関連記事なし,0
2026-04-15 00:10:10,17179246901312381021,2025年インフルエンザ流行状況：早期流行の傾向と対策,skip,関連記事なし,0
2026-04-15 00:10:11,17179246901312223080,YahrⅡ度・自立ADL＋うつ合併パーキンソン病：再就労では身体障害と精神障害のどちらを優先するか,skip,関連記事なし,0
2026-04-15 00:10:11,17179246901312220045,多発脳神経障害の鑑別と診断アプローチ,skip,関連記事なし,0
2026-04-15 00:10:11,17179246901311836945,腎不全患者における酸化マグネシウム投与と高マグネシウム血症,skip,関連記事なし,0
2026-04-15 00:10:12,17179246901310649451,沼・池・湖・潟の違いを自然地理学の視点から解説,skip,関連記事なし,0
2026-04-15 00:10:12,17179246901310366056,脊髄梗塞の総説：疫学から予防まで,skip,関連記事なし,0
2026-04-15 00:10:14,17179246901310298466,コスモスが一株で複数色の花を咲かせる理由,ok,https://hinyan1016.hatenablog.com/entry/2025/11/02/081549,5
2026-04-15 00:10:17,17179246901310259267,プラダーウィリー症候群：脳神経内科医のための総説,ok,https://hinyan1016.hatenablog.com/entry/2025/11/02/045548,5
2026-04-15 00:10:19,17179246901307757815,レベチラセタム使用による精神症状とブリバラセタムへの切替効果,skip,関連記事なし,0
2026-04-15 00:10:19,17179246901307699152,🧠 運動分解（decomposition）と測定障害（dysmetria）の違い,skip,関連記事なし,0
2026-04-15 00:10:19,17179246901307209870,MINDダイエットは本当に認知症を25％減らすのか？──2025年最新エビデンスの検証,skip,関連記事なし,0
2026-04-15 00:10:20,17179246901305461589,訪問看護指示書の「開始日をさかのぼる」依頼はルール違反？現場と法的な取り扱いを整理する,skip,関連記事なし,0
2026-04-15 00:10:20,6802888565300862632,頸椎症によるしびれ：疫学から治療まで,skip,関連記事なし,0
2026-04-15 00:10:22,6802888565300846715,V180I変異による遺伝性クロイツフェルト・ヤコブ病（gCJD）の概要と最新知見,ok,https://hinyan1016.hatenablog.com/entry/2025/10/27/195515,5
2026-04-15 00:10:25,6802888565300839449,心因性非てんかん発作（PNES）の神経ネットワークモデル：最新の知見,ok,https://hinyan1016.hatenablog.com/entry/2025/10/27/194453,5
2026-04-15 00:10:26,6802888565300320152,心因性非てんかん発作（PNES）総説,skip,関連記事なし,0
2026-04-15 00:10:28,6802888565297668024,電気けいれん療法（ECT）総説 ― 医療従事者のための基礎知識と最新動向,ok,https://hinyan1016.hatenablog.com/entry/2025/10/25/070034,5
2026-04-15 00:10:30,6802888565297667392,🥬 リーフレタスが苦くなるのはなぜ？原因と対策,skip,関連記事なし,0
2026-04-15 00:10:30,6802888565297017681,成人気管支喘息の標準治療,skip,関連記事なし,0
2026-04-15 00:10:31,6802888565294689292,誤嚥性肺炎を繰り返す重度認知症患者の栄養管理の選択肢,skip,関連記事なし,0
2026-04-15 00:10:31,6802888565293645197,出血管理におけるアドナ（カルバゾクロム）とトランサミン（トラネキサム酸）：作用・適応・エビデンス・実装,skip,関連記事なし,0
2026-04-15 00:10:31,6802888565293228417,免疫チェックポイント阻害薬による意識障害：頻度・機序・臨床像・診断・治療・予後,skip,関連記事なし,0
2026-04-15 00:10:31,6802888565293226422,動眼神経単麻痺：包括的レビュー,skip,関連記事なし,0
2026-04-15 00:10:32,6802888565292445598,日本で増えるクマ被害：2020年以降の動向と2025年最新状況,skip,関連記事なし,0
2026-04-15 00:10:32,6802888565291699308,京都市、2026年3月から宿泊税引き上げへ – 背景と新制度の詳細,skip,関連記事なし,0
2026-04-15 00:10:34,6802888565290397618,副腎白質ジストロフィー(ALD)総説,ok,https://hinyan1016.hatenablog.com/entry/2025/10/19/050931,5
2026-04-15 00:10:37,6802888565289330870,最近の動画まとめ,ok,https://hinyan1016.hatenablog.com/entry/2026/04/15/001036,5
2026-04-15 00:10:38,6802888565288949127,日本における自転車利用の交通規制強化,skip,関連記事なし,0
2026-04-15 00:10:39,6802888565287945574,両側性視神経炎を起こす疾患：鑑別と臨床のポイント,skip,関連記事なし,0
2026-04-15 00:10:41,6802888565287406227,神経伝導検査が困難な場合のギラン・バレー症候群への対処,ok,https://hinyan1016.hatenablog.com/entry/2025/10/14/184237,5
2026-04-15 00:10:42,6802888565284637966,穿通枝梗塞（BAD）の進行管理：日本の治療戦略とエビデンス,skip,関連記事なし,0
2026-04-15 00:10:42,6802888565282853666,パーキンソン病治療におけるMAO-B阻害薬3剤の特徴と使い分け,skip,関連記事なし,0
2026-04-15 00:10:44,6802888565281031155,ノーベル化学賞を受賞した北川進特別教授の研究内容とは,ok,https://hinyan1016.hatenablog.com/entry/2025/10/09/125850,5
2026-04-15 00:10:46,6802888565280952889,日本のメタボ腹囲基準（男性85cm・女性90cm）の根拠と課題,skip,関連記事なし,0
2026-04-15 00:10:46,6802888565280132254,"神経変性疾患における慢性期栄養管理ガイド（PD, ALSを中心に）",skip,関連記事なし,0
2026-04-15 00:10:46,6802888565280028149,NIHSSスコア5点以下の軽症脳梗塞における急性期抗血栓療法の選択,skip,関連記事なし,0
2026-04-15 00:10:46,6802888565279649640,米国精神医学会・2025年改訂せん妄実践ガイドラインの概要と臨床への影響,skip,関連記事なし,0
2026-04-15 00:10:47,6802888565279584879,世界神経学連合『グローバル神経学白書』発表：世界の神経医療格差を包括的に分析,skip,関連記事なし,0
2026-04-15 00:10:47,6802888565278587043,主治医意見書で迷わない！障害高齢者・認知症高齢者の日常生活自立度を覚えるコツ,skip,関連記事なし,0
2026-04-15 00:10:49,6802888565278318147,制御性T細胞の発見が拓いた免疫学の新時代 — 坂口志文先生のノーベル賞研究を解説,ok,https://hinyan1016.hatenablog.com/entry/2025/10/07/071626,5
2026-04-15 00:10:50,6802888565275603079,筋萎縮性側索硬化症（ALS）における高エネルギー栄養療法と胃ろう早期導入のエビデンスレビュー,skip,関連記事なし,0
2026-04-15 00:10:52,6802888565272474855,ミトコンドリア脳筋症（Mitochondrial Encephalomyopathy）総説,ok,https://hinyan1016.hatenablog.com/entry/2025/10/04/092356,5
2026-04-15 00:10:54,6802888565272314020,てんかん発作と乳酸アシドーシスの関連,skip,関連記事なし,0
2026-04-15 00:10:54,6802888565265981640,2025年10月現在の脳神経内科領域における出荷制限薬剤まとめ,skip,関連記事なし,0
2026-04-15 00:10:54,6802888565258789074,脱毛の基礎知識とその効果：医療従事者向け包括的ガイド,skip,関連記事なし,0
2026-04-15 00:10:56,6802888565257788765,過敏性腸症候群（IBS）の診断と治療の実践ポイント,ok,https://hinyan1016.hatenablog.com/entry/2025/09/27/212724,5
2026-04-15 00:11:00,6802888565255795514,感染症診療におけるプロカルシトニン（PCT）の有用性と限界,ok,https://hinyan1016.hatenablog.com/entry/2025/09/26/202824,5
2026-04-15 00:11:03,6802888565253571522,片側顔面痙攣（Hemifacial Spasm）の総説,ok,https://hinyan1016.hatenablog.com/entry/2025/09/25/124305,5
2026-04-15 00:11:06,6802888565253340865,無菌性髄膜炎：脳神経内科医のための治療中心の総説,ok,https://hinyan1016.hatenablog.com/entry/2025/09/25/094947,5
2026-04-15 00:11:10,6802888565252131513,術後に発症・増悪する周期性四肢運動異常症（PLMD）の診断と治療：鉄代謝の役割,ok,https://hinyan1016.hatenablog.com/entry/2025/09/24/145335,5
2026-04-15 00:11:13,6802888565251565214,メタボ予備群のためのエビデンスに基づく生活習慣改善ガイド,ok,https://hinyan1016.hatenablog.com/entry/2025/09/24/054919,5
2026-04-15 00:11:17,6802888565248575668,神経性食欲不振症（神経性無食欲症）の総説,ok,https://hinyan1016.hatenablog.com/entry/2025/09/22/201031,5
2026-04-15 00:11:20,6802888565248451201,傷病手当金の診断書記載における注意点と対応（医師向け）,ok,https://hinyan1016.hatenablog.com/entry/2025/09/22/183202,5
2026-04-15 00:11:23,6802888565248049372,アルコールは少量でも危険？「安全な飲酒量は存在しない」という警鐘,ok,https://hinyan1016.hatenablog.com/entry/2025/09/22/132133,5
2026-04-15 00:11:26,6802888565247645444,2型糖尿病予防と生活習慣：最新エビデンスに基づく総説,ok,https://hinyan1016.hatenablog.com/entry/2025/09/22/082729,5
2026-04-15 00:11:29,6802888565242902711,成人のチックとてんかん発作の鑑別ポイント,ok,https://hinyan1016.hatenablog.com/entry/2025/09/20/081129,5
2026-04-15 00:11:31,6802888565239650552,一過性脳虚血発作（TIA）の定義・疫学・脳卒中リスク,skip,関連記事なし,0
2026-04-15 00:11:33,6802888565237146188,POEMS症候群総説：疫学から治療まで,ok,https://hinyan1016.hatenablog.com/entry/2025/09/17/061230,5
2026-04-15 00:11:37,6802888565236418465,成人てんかんと睡眠：最新の知見,ok,https://hinyan1016.hatenablog.com/entry/2025/09/16/191231,5
2026-04-15 00:11:40,6802888565235866864,肥満症は脳卒中のリスクになるか？ ～最新エビデンスと予防策～,ok,https://hinyan1016.hatenablog.com/entry/2025/09/16/123019,5
2026-04-15 00:11:43,6802888565235113851,2025年9月中旬（第37週）時点の全国感染症動向まとめ,ok,https://hinyan1016.hatenablog.com/entry/2025/09/16/013827,5
2026-04-15 00:11:44,6802888565233321439,診療支援AIの国際的な活用状況,skip,関連記事なし,0
2026-04-15 00:11:46,6802888565230370160,新規発症難治性てんかん重積状態（NORSE）包括レビュー,ok,https://hinyan1016.hatenablog.com/entry/2025/09/14/070616,5
2026-04-15 00:11:50,6802888565230346925,レノックス・ガストー症候群（LGS）総説,ok,https://hinyan1016.hatenablog.com/entry/2025/09/14/062830,5
2026-04-15 00:11:53,6802888565227131700,なぜ東日本は50Hz、西日本は60Hz？日本で交流周波数が異なる理由,ok,https://hinyan1016.hatenablog.com/entry/2025/09/11/191613,5
2026-04-15 00:11:55,6802888565226894966,消化器術後の栄養管理（術後早期と回復期）,ok,https://hinyan1016.hatenablog.com/entry/2025/09/11/150851,5
2026-04-15 00:11:59,6802888565225124672,進行期パーキンソン病における体重減少と低血糖（systematic review風）,ok,https://hinyan1016.hatenablog.com/entry/2025/09/11/103428,5
2026-04-15 00:12:02,6802888565225085364,栄養サポートチーム（NST）における血液検査の重要性,ok,https://hinyan1016.hatenablog.com/entry/2025/09/10/084514,5
2026-04-15 00:12:05,6802888565223941937,抗アミロイド抗体治療におけるARIAリスク：APOE遺伝子型と日本での適正使用,ok,https://hinyan1016.hatenablog.com/entry/2025/09/09/153357,5
2026-04-15 00:12:08,6802888565224110885,GLP-1受容体作動薬による脳卒中抑制効果の最新メタ解析（2025年更新）,ok,https://hinyan1016.hatenablog.com/entry/2025/09/09/153332,5
2026-04-15 00:12:11,6802888565223893432,セノバメートの有効性・安全性：アジア・日本のデータと肝障害リスクに焦点,ok,https://hinyan1016.hatenablog.com/entry/2025/09/09/132638,5
2026-04-15 00:12:14,6802888565223751751,LGI1およびNMDAR抗体脳炎における早期免疫療法：長期発作および機能的転帰への影響,ok,https://hinyan1016.hatenablog.com/entry/2025/09/09/103401,5
2026-04-15 00:12:17,6802888565223575031,警察の「呼気アルコール濃度」と神経症状の関係 —救急外来で血中濃度が測れないときの推定も含めて—,ok,https://hinyan1016.hatenablog.com/entry/2025/09/09/073455,5
2026-04-15 00:12:20,6802888565223343485,自転車の飲酒運転：法律と処罰をわかりやすく解説,ok,https://hinyan1016.hatenablog.com/entry/2025/09/09/023740,5
2026-04-15 00:12:24,6802888565221667804,ラクナ梗塞における抗血小板療法の重要性と最新エビデンス,ok,https://hinyan1016.hatenablog.com/entry/2025/09/08/073648,5
2026-04-15 00:12:27,6802888565219592331,脳神経内科診療におけるABCD-GENEスコアの活用,ok,https://hinyan1016.hatenablog.com/entry/2025/09/07/082128,5
2026-04-15 00:12:30,6802888565217981357,フェンフルラミン（フィンテプラ）による難治てんかんの治療,ok,https://hinyan1016.hatenablog.com/entry/2025/09/06/083747,5
2026-04-15 00:12:31,6802888565217784853,スピーチバルブ（音声弁）に関する総説,skip,関連記事なし,0
2026-04-15 00:12:33,6802888565217842824,脳梗塞再発予防におけるプラスグレル（エフィエント）の有効性・安全性総説,ok,https://hinyan1016.hatenablog.com/entry/2025/09/06/050505,5
2026-04-15 00:12:36,6802888565217687934,硬膜穿刺後頭痛（PDPH）総説,ok,https://hinyan1016.hatenablog.com/entry/2025/09/06/033840,5
2026-04-15 00:12:39,6802888565214750532,心房細動による脳塞栓後の抗凝固療法：CHA₂DS₂-VASc評価と治療戦略,ok,https://hinyan1016.hatenablog.com/entry/2025/09/04/184231,5
2026-04-15 00:12:42,6802888565213930251,高齢認知症患者のせん妄：緊急時の薬物療法,ok,https://hinyan1016.hatenablog.com/entry/2025/09/04/071300,5
2026-04-15 00:12:45,6802888565212244638,医療用大麻：世界と日本の現状と展望,ok,https://hinyan1016.hatenablog.com/entry/2025/09/03/130906,5
2026-04-15 00:12:48,6802888565212124111,医師が考えるFIRE（早期リタイア）：経済的自由で人生にゆとりを,ok,https://hinyan1016.hatenablog.com/entry/2025/09/03/114055,5
2026-04-15 00:12:51,6802418398574088410,視床梗塞によるめまい：見落とされやすい中枢性めまいの理解,ok,https://hinyan1016.hatenablog.com/entry/2025/09/02/190716,5
2026-04-15 00:12:53,6802418398573732919,妊娠中の抗てんかん薬と催奇形性リスク：最新エビデンスとガイドライン比較,skip,関連記事なし,0
2026-04-15 00:12:55,6802418398573348630,脳卒中後の嚥下障害に対する嚥下訓練の実践ポイント,ok,https://hinyan1016.hatenablog.com/entry/2025/09/02/111004,5
2026-04-15 00:12:58,6802418398572851384,MoCA-J（モントリオール認知評価 日本語版）の解説,ok,https://hinyan1016.hatenablog.com/entry/2025/09/02/033903,5
2026-04-15 00:13:01,6802418398572326175,肢端紅痛症（Erythromelalgia）の臨床的特徴と治療法,ok,https://hinyan1016.hatenablog.com/entry/2025/09/01/195249,5
2026-04-15 00:13:04,6802418398568147467,成人における腹痛の鑑別診断総説,ok,https://hinyan1016.hatenablog.com/entry/2025/08/30/061233,5
2026-04-15 00:13:07,6802418398567824503,MOG-IgG抗体価とMOGAD再発リスク評価の現状,ok,https://hinyan1016.hatenablog.com/entry/2025/08/29/212647,5
2026-04-15 00:13:10,6802418398566241027,甲状腺眼症の診断（総説）,ok,https://hinyan1016.hatenablog.com/entry/2025/08/29/052413,5
2026-04-15 00:13:13,6802418398565654765,熱中症の危険因子と予防対策,ok,https://hinyan1016.hatenablog.com/entry/2025/08/28/103421,5
2026-04-15 00:13:16,6802418398565476182,ドラッグ・リポジショニング解説：臨床医のための実務ガイド,ok,https://hinyan1016.hatenablog.com/entry/2025/08/28/063350,5
2026-04-15 00:13:19,6802418398563196718,重度心身障害者医療費助成制度（マル福制度）とは,ok,https://hinyan1016.hatenablog.com/entry/2025/08/26/065232,5
2026-04-15 00:13:22,6802418398562680233,てんかんの「1級・2級・3級」—手帳と障害年金を一気に理解する（実務向け）,ok,https://hinyan1016.hatenablog.com/entry/2025/08/26/043125,5
2026-04-15 00:13:25,6802418398562651453,群発頭痛に対する在宅酸素療法（HOT）の解説,ok,https://hinyan1016.hatenablog.com/entry/2025/08/26/035806,5
2026-04-15 00:13:28,6802418398561533256,次世代のゲノム編集技術「CRISPR2.0」とは？,ok,https://hinyan1016.hatenablog.com/entry/2025/08/25/082952,5
2026-04-15 00:13:31,6802418398559443756,自由と責任の関係をGPT5proに聴いてみる,ok,https://hinyan1016.hatenablog.com/entry/2025/08/24/080622,5
2026-04-15 00:13:34,6802418398559030403,お金と豊かさ（人生の問いシリーズ）,ok,https://hinyan1016.hatenablog.com/entry/2025/08/23/192749,5
2026-04-15 00:13:37,6802418398559005754,CAR-T療法総説：仕組みから最新動向まで,ok,https://hinyan1016.hatenablog.com/entry/2025/08/23/163249,5
2026-04-15 00:13:40,6802418398558777042,病棟でのVT（心室頻拍）7連発対応：実務目線の完全ガイド,ok,https://hinyan1016.hatenablog.com/entry/2025/08/23/150413,5
2026-04-15 00:13:43,6802418398558733054,"""よく死ぬ""ために""よく生きる""",ok,https://hinyan1016.hatenablog.com/entry/2025/08/23/125742,5
2026-04-15 00:13:46,6802418398558080622,ニキビ（尋常性ざ瘡）の治療,ok,https://hinyan1016.hatenablog.com/entry/2025/08/22/210542,5
2026-04-15 00:13:49,6802418398558070017,重症熱性血小板減少症候群（SFTS）の最新情報,ok,https://hinyan1016.hatenablog.com/entry/2025/08/22/205848,5
2026-04-15 00:13:52,6802418398556445614,エダラボンの脳梗塞に対するエビデンス総説,ok,https://hinyan1016.hatenablog.com/entry/2025/08/21/165900,5
2026-04-15 00:13:55,6802418398556173552,専門医更新の未来：AIは敵か、味方か？セルフトレーニング問題との新しい付き合い方,ok,https://hinyan1016.hatenablog.com/entry/2025/08/21/132620,5
2026-04-15 00:13:58,6802418398555993595,ヘルペス脳炎（HSV脳炎）の診断と治療,ok,https://hinyan1016.hatenablog.com/entry/2025/08/21/095937,5
2026-04-15 00:14:02,6802418398555944064,国債発行による減税政策は正当化できるか：4つの観点からの分析,ok,https://hinyan1016.hatenablog.com/entry/2025/08/21/072820,5
2026-04-15 00:14:05,6802418398554781179,神経疾患における性欲亢進の薬物治療ガイド,ok,https://hinyan1016.hatenablog.com/entry/2025/08/20/161847,5
2026-04-15 00:14:08,6802418398553928522,DOAC・抗血小板薬服用患者における腰椎穿刺の最新エビデンス,ok,https://hinyan1016.hatenablog.com/entry/2025/08/19/213808,5
2026-04-15 00:14:11,6802418398553833277,CRISPR/Cas9の仕組みと最新動向（2025年）,ok,https://hinyan1016.hatenablog.com/entry/2025/08/19/204155,5
2026-04-15 00:14:13,6802418398552361537,ANCA陽性血管炎に伴うニューロパチー：診断のコツを最優先にまとめる実践総説,skip,関連記事なし,0
2026-04-15 00:14:15,6802418398552224768,心肺蘇生後の脳機能予後評価：最新エビデンスに基づく実践ガイド,ok,https://hinyan1016.hatenablog.com/entry/2025/08/18/204551,5
2026-04-15 00:14:17,6802418398549899143,遅発性ジスキネジア（Tardive Dyskinesia; TD）- 包括的診療ガイド,skip,関連記事なし,0
2026-04-15 00:14:19,6802418398549884277,アドバンス・ケア・プランニング（ACP）を深掘り：人生会議のすすめ,ok,https://hinyan1016.hatenablog.com/entry/2025/08/17/082426,5
2026-04-15 00:14:22,6802418398547167577,大腸がんの予防と治療：この10年の進歩と今後の展望,ok,https://hinyan1016.hatenablog.com/entry/2025/08/15/073119,5
2026-04-15 00:14:24,6802418398547146078,牛肉のA5ランクとは？格付けの基準と近江牛などブランド牛の魅力,skip,関連記事なし,0
2026-04-15 00:14:26,6802418398546685241,脳内鉄沈着を伴う神経変性症（NBIA）,ok,https://hinyan1016.hatenablog.com/entry/2025/08/14/183023,5
2026-04-15 00:14:29,6802418398545974481,低カリウム血症（低K血症）の鑑別診断と治療,ok,https://hinyan1016.hatenablog.com/entry/2025/08/14/094039,5
2026-04-15 00:14:30,6802418398544310794,米の品種と「特A」評価の基準・最新動向（2024年版）,skip,関連記事なし,0
2026-04-15 00:14:32,6802418398542671388,幸福とは何か——定義から実践までのやさしい大全,ok,https://hinyan1016.hatenablog.com/entry/2025/08/12/051403,5
2026-04-15 00:14:36,6802418398540766256,生きる意味とは何か——実用的にわかる、腑に落ちる長編ガイド,ok,https://hinyan1016.hatenablog.com/entry/2025/08/11/080800,5
2026-04-15 00:14:38,6802418398540753164,愛とは何か――やさしく、しかし骨太に,ok,https://hinyan1016.hatenablog.com/entry/2025/08/11/073714,5
2026-04-15 00:14:42,6802418398539734503,脳梗塞の再発を防ぐためにできること：合わせ技が鍵,ok,https://hinyan1016.hatenablog.com/entry/2025/08/10/134706,5
2026-04-15 00:14:44,6802418398539449581,耳鳴り（耳鳴）に関する解説,ok,https://hinyan1016.hatenablog.com/entry/2025/08/10/090809,5
2026-04-15 00:14:47,6802418398539295021,首下がり症候群（Dropped Head Syndrome）の概要と臨床管理,ok,https://hinyan1016.hatenablog.com/entry/2025/08/10/052804,5
2026-04-15 00:14:51,6802418398537224780,てんかん患者における傷病手当金診断書作成の包括的ガイド：医学的・倫理的・実践的フレームワーク,ok,https://hinyan1016.hatenablog.com/entry/2025/08/08/083519,5
2026-04-15 00:14:54,6802418398537219711,肝性脳症（Hepatic Encephalopathy: HE）完全ガイド 2025年版,ok,https://hinyan1016.hatenablog.com/entry/2025/08/07/221658,5
2026-04-15 00:14:55,6802418398537210349,肝性脳症の画像所見 – 脳内で起こる変化を捉える,skip,関連記事なし,0
2026-04-15 00:14:57,6802418398535817387,CADASILに関する総合解説,ok,https://hinyan1016.hatenablog.com/entry/2025/08/06/132530,5
2026-04-15 00:15:00,6802418398535606766,"眼筋型重症筋無力症（Ocular Myasthenia Gravis, OMG）- 2025年最新エビデンス",ok,https://hinyan1016.hatenablog.com/entry/2025/08/06/094802,5
2026-04-15 00:15:03,6802418398534947026,パワハラと適正な指導の境界線を考える,ok,https://hinyan1016.hatenablog.com/entry/2025/08/05/133045,5
2026-04-15 00:15:07,6802418398533376232,2025年7月に発表された注目の神経学論文,ok,https://hinyan1016.hatenablog.com/entry/2025/08/04/011512,5
2026-04-15 00:15:10,6802418398533282394,2025年夏〜2026年の神経内科トレンド総予測：日本と世界の最新動向,ok,https://hinyan1016.hatenablog.com/entry/2025/08/03/234130,5
2026-04-15 00:15:12,6802418398530656646,トルバプタン（サムスカ®）の臨床応用：機序・適応・エビデンス総合解説,ok,https://hinyan1016.hatenablog.com/entry/2025/08/02/092252,5
2026-04-15 00:15:14,6802418398527834984,脳神経領域における診療報酬改定の概要,skip,関連記事なし,0
2026-04-15 00:15:15,6802418398527816089,GLP‑1受容体作動薬とアンチエイジング – リベルサスとマンジャロの可能性と限界,ok,https://hinyan1016.hatenablog.com/entry/2025/07/30/145420,5
2026-04-15 00:15:18,6802418398527434727,65歳以上の障がい者手帳・障害年金と介護保険・老齢年金の関係,ok,https://hinyan1016.hatenablog.com/entry/2025/07/30/071320,5
2026-04-15 00:15:21,6802418398526977954,難治性吃逆（しゃっくり）の鑑別診断と対症療法,ok,https://hinyan1016.hatenablog.com/entry/2025/07/30/063202,5
2026-04-15 00:15:24,6802418398526962872,重症筋無力症の初回治療としてIVIgを選ぶか？ — 専門医が考えるポイント,ok,https://hinyan1016.hatenablog.com/entry/2025/07/29/195832,5
2026-04-15 00:15:27,6802418398525757467,鉱質コルチコイド反応性低ナトリウム血症とSIADHの鑑別,ok,https://hinyan1016.hatenablog.com/entry/2025/07/29/073902,5
2026-04-15 00:15:30,6802418398524039032,外来で使える簡潔で高感度な神経学的所見の取り方,ok,https://hinyan1016.hatenablog.com/entry/2025/07/27/134601,5
2026-04-15 00:15:33,6802418398522796942,自動脳波判読の現状と展望（2025年7月時点）,ok,https://hinyan1016.hatenablog.com/entry/2025/07/26/093726,5
2026-04-15 00:15:36,6802418398521363636,パソコンとスマートフォンの日本語音声入力ツールの比較とおすすめ,ok,https://hinyan1016.hatenablog.com/entry/2025/07/25/044543,5
2026-04-15 00:15:39,6802418398519799077,血液中の特異IgE抗体検査と好塩基球活性化試験の比較,ok,https://hinyan1016.hatenablog.com/entry/2025/07/24/050043,5
2026-04-15 00:15:42,6802418398519658825,脳静脈洞血栓症（CVT）の総説,ok,https://hinyan1016.hatenablog.com/entry/2025/07/23/044803,5
2026-04-15 00:15:45,6802418398519420188,TAVI時代の脳卒中マネジメント完全ガイド：抗血栓療法と急性期治療の最新エビデンス,ok,https://hinyan1016.hatenablog.com/entry/2025/07/23/010856,5
2026-04-15 00:15:48,6802418398519285845,一過性全健忘（TGA）における海馬 DWI 高信号の理解ポイント,ok,https://hinyan1016.hatenablog.com/entry/2025/07/22/223543,5
2026-04-15 00:15:50,6802418398519271759,偽痛風（CPPD）とCrowned Dens Syndrome（CDS）に関するDeep Researchメモ：最新エビデンスに基づく臨床実践ガイド,skip,関連記事なし,0
2026-04-15 00:15:52,6802418398498158524,昆虫はなぜ海にいないのか？,ok,https://hinyan1016.hatenablog.com/entry/2025/07/21/224948,5
2026-04-15 00:15:55,6802418398517573323,【2025年版】群発頭痛の診断と治療：保険診療の壁を越えるエビデンスと実践ガイド,ok,https://hinyan1016.hatenablog.com/entry/2025/07/20/225018,5
2026-04-15 00:15:58,6802418398515288708,加齢に伴う食欲低下（Anorexia of Aging）への多面的・エビデンスベースド・アプローチ：日本の医療専門家向け詳細リサーチガイド,ok,https://hinyan1016.hatenablog.com/entry/2025/07/19/013012,5
2026-04-15 00:16:01,6802418398511577504,抗MAG抗体ニューロパチー：診断・治療・予後の最新エビデンスと臨床的実践,ok,https://hinyan1016.hatenablog.com/entry/2025/07/15/085735,5
2026-04-15 00:16:04,6802418398509652332,奇跡の細胞「iPS細胞」物語：ゼロから未来の医療を創る,ok,https://hinyan1016.hatenablog.com/entry/2025/07/13/110849,5
2026-04-15 00:16:07,6802418398509623996,パーキンソン病に対するiPS細胞治療：最新の臨床試験データと実用化への道筋,ok,https://hinyan1016.hatenablog.com/entry/2025/07/13/103037,5
2026-04-15 00:16:11,6802418398507569868,プレセプシン（Presepsin）の最新エビデンス調査,ok,https://hinyan1016.hatenablog.com/entry/2025/07/11/083235,5
2026-04-15 00:16:14,6802418398506529548,【2025年最新版】頚椎症の診断と治療：ガイドラインとエビデンスに基づく臨床実践ガイド（頚椎症性脊髄症・神経根症）,ok,https://hinyan1016.hatenablog.com/entry/2025/07/10/105732,5
2026-04-15 00:16:17,6802418398506711820,🧠 術前スクリーニングで発見された無症候性DWI高信号,ok,https://hinyan1016.hatenablog.com/entry/2025/07/10/133520,5
2026-04-15 00:16:21,6802418398505673778,抗てんかん薬の過量投与が招く「中毒性発作」徹底ガイド：なぜ治療薬が発作を誘発するのか？,ok,https://hinyan1016.hatenablog.com/entry/2025/07/10/072448,5
2026-04-15 00:16:24,6802418398504009996,はじめての漢方薬｜科学的根拠と選び方、副作用の全知識,ok,https://hinyan1016.hatenablog.com/entry/2025/07/08/070708,5
2026-04-15 00:16:25,6802418398504000395,上手な写真の撮り方：初心者でもプロのような一枚を！,skip,関連記事なし,0
2026-04-15 00:16:27,6802418398502404559,繊細さん（HSP）のすべて: 定義から対応まで,ok,https://hinyan1016.hatenablog.com/entry/2025/07/06/203945,5
2026-04-15 00:16:30,6802418398501876531,βブロッカー処方の新常識：循環器から神経・精神領域まで、明日から使える実践ガイド,ok,https://hinyan1016.hatenablog.com/entry/2025/07/06/140742,5
2026-04-15 00:16:34,6802418398501803888,脳梗塞診療の20年を振り返る：tPAから血管内治療、そして個別化医療の未来へ,ok,https://hinyan1016.hatenablog.com/entry/2025/07/06/130255,5
2026-04-15 00:16:37,6802418398501637515,不安神経症（全般性不安障害）のプライマリケア診療：最新エビデンスに基づく診断と治療戦略,ok,https://hinyan1016.hatenablog.com/entry/2025/07/06/105610,5
2026-04-15 00:16:41,6802418398500276760,脳波所見BIRDs (Brief Potentially Ictal Rhythmic Discharges) の臨床的意義と実践的アプローチ：ACNS 2021ガイドラインに基づく総説,ok,https://hinyan1016.hatenablog.com/entry/2025/07/05/072731,5
2026-04-15 00:16:44,6802418398496448886,パーキンソン病治療の20年：飛躍的進歩と未来への挑戦,ok,https://hinyan1016.hatenablog.com/entry/2025/07/04/070503,5
2026-04-15 00:16:47,6802418398498494742,機械弁患者で抗凝固療法を中断すると何が起こるのか ――ガイドライン・臨床エビデンス・実践アルゴリズムの総まとめ,ok,https://hinyan1016.hatenablog.com/entry/2025/07/03/155514,5
2026-04-15 00:16:51,6802418398498305524,持続する発作への初期対応とてんかん重積 vs 心因性非てんかん発作（PNES）の鑑別,ok,https://hinyan1016.hatenablog.com/entry/2025/07/03/104800,5
2026-04-15 00:16:54,6802418398496102662,アルツハイマー型認知症治療の地殻変動：過去20年の進歩と未来への多角的挑戦,ok,https://hinyan1016.hatenablog.com/entry/2025/07/03/091339,5
2026-04-15 00:16:57,6802418398495991845,日本の片頭痛治療における20年の進歩と今後の展望：トリプタンからCGRP関連製剤、そして個別化医療へ,ok,https://hinyan1016.hatenablog.com/entry/2025/07/02/092447,5
2026-04-15 00:17:01,6802418398497050877,てんかん診療の過去20年における進歩と今後の展望：診断、治療、病態解明から社会的課題まで,ok,https://hinyan1016.hatenablog.com/entry/2025/07/02/091738,5
2026-04-15 00:17:04,6802418398492982676,2025年版：日本の予防接種一覧と年齢別ワクチン計画,ok,https://hinyan1016.hatenablog.com/entry/2025/06/29/142925,5
2026-04-15 00:17:07,6802418398490785338,鉄過剰症とヘモクロマトーシス：病態生理、臨床管理、および国際的視点に関する包括的レビュー,ok,https://hinyan1016.hatenablog.com/entry/2025/06/29/054951,5
2026-04-15 00:17:11,6802418398489529369,脳神経内科学の進歩と展望：激動の20年を読み解き、未来の課題に挑む,ok,https://hinyan1016.hatenablog.com/entry/2025/06/27/082841,5
2026-04-15 00:17:14,6802418398488692956,一般内科医のためのたこつぼ心筋症解説,ok,https://hinyan1016.hatenablog.com/entry/2025/06/26/124237,5
2026-04-15 00:17:17,6802418398487306603,薬疹の救急対応,ok,https://hinyan1016.hatenablog.com/entry/2025/06/25/072020,5
2026-04-15 00:17:20,6802418398486753050,橋背側梗塞による同側性味覚障害：文献レビュー,ok,https://hinyan1016.hatenablog.com/entry/2025/06/24/194029,5
2026-04-15 00:17:23,6802418398486311661,扁桃体腫大を伴う側頭葉てんかん：病態・診断・治療の最新知見,ok,https://hinyan1016.hatenablog.com/entry/2025/06/24/150207,5
2026-04-15 00:17:24,6802418398485897546,中脳背側部脳梗塞：臨床医のための徹底解説,skip,関連記事なし,0
2026-04-15 00:17:25,6802418398483731787,【2025年最新版】ついに始まった&quot;RSVワクチン時代&quot;,skip,関連記事なし,0
2026-04-15 00:17:26,6802418398482544012,メトロニダゾールによる神経障害：見落とされやすい副作用とその対策,ok,https://hinyan1016.hatenablog.com/entry/2025/06/21/104606,5
2026-04-15 00:17:28,6802418398481548886,前脈絡叢動脈領域脳梗塞,skip,関連記事なし,0
2026-04-15 00:17:28,6802418398480451565,p-tau217：アルツハイマー型認知症バイオマーカーの詳細解説,skip,関連記事なし,0
2026-04-15 00:17:29,6802418398480060052,パーキンソン病 ― 日本の保険適応で読み解く20年の進歩,skip,関連記事なし,0
2026-04-15 00:17:29,6802418398477844602,クロイツフェルト・ヤコブ病（CJD）総説,skip,関連記事なし,0
2026-04-15 00:17:29,6802418398477756637,日本赤十字社の基準による「献血できない人」とは？,skip,関連記事なし,0
2026-04-15 00:17:29,6802418398477357891,血漿交換療法3手法（単純血漿交換・免疫吸着・二重膜ろ過）の解説,skip,関連記事なし,0
2026-04-15 00:17:30,6802418398477263320,尾状核梗塞：一般内科医が知っておくべき神経回路と症状の関連性,skip,関連記事なし,0
2026-04-15 00:17:30,6802418398477234476,ハンチントン病：日本における臨床診療の歴史と現状,skip,関連記事なし,0
2026-04-15 00:17:30,6802418398475757420,エルドハイム・チェスター病 — 日本の視点で読み解く最新知見（2025年版）,skip,関連記事なし,0
2026-04-15 00:17:31,6802418398474847731,膵臓がん — 日本の視点で読み解く最新知見,skip,関連記事なし,0
2026-04-15 00:17:31,6802418398474686836,傍腫瘍抗体症候群 — 日本の視点で読み解く最新知見,skip,関連記事なし,0
2026-04-15 00:17:31,6802418398474663886,脳神経内科領域における保険適応遺伝子検査の最前線,skip,関連記事なし,0
2026-04-15 00:17:32,6802418398473403361,イソプロピルアセチル尿素の危険性を徹底解説,skip,関連記事なし,0
2026-04-15 00:17:32,6802418398473267943,重症筋無力症 ― 日本の保険適応で読み解く20年の進歩,skip,関連記事なし,0
2026-04-15 00:17:32,6802418398473177768,視神経脊髄炎 ― 日本の保険適応で読み解く20年の進歩,skip,関連記事なし,0
2026-04-15 00:17:32,6802418398472747666,多発性硬化症 ― 日本の保険適応で読み解く20年の進歩,skip,関連記事なし,0
2026-04-15 00:17:33,6802418398472720815,片頭痛診療アップデート（2005–2025年）レビュー,skip,関連記事なし,0
2026-04-15 00:17:33,6802418398472332707,アルツハイマー型認知症：2005年から2025年の診断・治療の進歩,skip,関連記事なし,0
2026-04-15 00:17:33,6802418398472288800,薬剤抵抗性てんかん ― 日本の保険適応で読み解く20年の進歩,skip,関連記事なし,0
2026-04-15 00:17:35,6802418398471457887,脳梗塞 — 過去20年の診断と治療の進歩,ok,https://hinyan1016.hatenablog.com/entry/2025/06/12/134749,5
2026-04-15 00:17:37,6802418398470532882,封入体筋炎（IBM）の総合情報,skip,関連記事なし,0
2026-04-15 00:17:37,6802418398470213274,ALS鑑別のための針筋電図アプローチ（筋電図経験者向け実践ガイド）,skip,関連記事なし,0
2026-04-15 00:17:37,6802418398470079659,Branch Atheromatous Disease (BAD) 急性期管理：早期離床とベッド上安静のエビデンスに基づくアプローチ,skip,関連記事なし,0
2026-04-15 00:17:38,6802418398470029400,ビタミンB12不足と高ホモシステイン血症：忍び寄る動脈硬化のリスクとその対策,skip,関連記事なし,0
2026-04-15 00:17:38,6802418398468814301,高齢者のサルコペニア予防と筋トレにおけるプロテイン摂取の有効性と安全性,skip,関連記事なし,0
2026-04-15 00:17:38,6802418398468713283,歯状核赤核淡蒼球ルイ体萎縮症（DRPLA）の総説,skip,関連記事なし,0
2026-04-15 00:17:38,6802418398466146328,低カルシウム血症による意識障害：診断と治療戦略,skip,関連記事なし,0
2026-04-15 00:17:39,6802418398465491466,尿路感染症の抗生剤治療：日本の現状と国際標準との比較分析,skip,関連記事なし,0
2026-04-15 00:17:39,6802418398464035459,せん妄患者へのトラゾドン処方に関する考察,skip,関連記事なし,0
2026-04-15 00:17:39,6802418398463833943,2025年6月7日現在における日本の最新感染症動向,skip,関連記事なし,0
2026-04-15 00:17:40,6802418398463358247,「オグサワ」って何！？,skip,関連記事なし,0
2026-04-15 00:17:40,6802418398463326831,脳神経内科領域の指定難病と重症度基準,skip,関連記事なし,0
2026-04-15 00:17:42,6802418398461808626,急性期脳神経内科病棟でDPC1・2期間内退院率を上げる実践ポイント,ok,https://hinyan1016.hatenablog.com/entry/2025/06/05/133807,5
2026-04-15 00:17:45,6802418398461743544,回復期リハ病棟の対象疾患と神経領域の適応解説,ok,https://hinyan1016.hatenablog.com/entry/2025/06/05/120955,5
2026-04-15 00:17:48,6802418398461703302,MRIにおけるASLのPLD差 (1525ms vs 2525ms) が臨床診断に与える影響,ok,https://hinyan1016.hatenablog.com/entry/2025/06/05/113429,5
2026-04-15 00:17:50,6802418398461638365,結膜下出血の診療ガイド：内科医が押さえておきたいポイント,skip,関連記事なし,0
2026-04-15 00:17:51,6802418398460594504,高齢者の不明熱（FUO）診療のポイント,ok,https://hinyan1016.hatenablog.com/entry/2025/06/04/141133,5
2026-04-15 00:17:54,6802418398460175893,SOFAスコアと敗血症診療：最新の知見,ok,https://hinyan1016.hatenablog.com/entry/2025/06/04/050203,5
2026-04-15 00:17:56,6802418398459066048,構音障害を伴わない嚥下障害を理解する——見逃しやすい飲み込み困難の原因と対策,skip,関連記事なし,0
2026-04-15 00:17:58,6802418398458856967,BUN（血中尿素窒素）上昇の鑑別：一般内科医のための包括的解説,ok,https://hinyan1016.hatenablog.com/entry/2025/06/03/152053,5
2026-04-15 00:18:01,6802418398458390120,炭酸水素ナトリウム静注療法とめまい治療の背景・エビデンス,ok,https://hinyan1016.hatenablog.com/entry/2025/06/03/105748,5
2026-04-15 00:18:02,6802418398458106844,外転神経麻痺の原因を見極める：神経内科医のための鑑別と治療のポイント,skip,関連記事なし,0
2026-04-15 00:18:02,6802418398453234735,関節リウマチを疑う「朝のこわばり」：一般内科医のための初期対応と専門医紹介のポイント,skip,関連記事なし,0
2026-04-15 00:18:03,6802418398451462013,大阪・関西万博2025：未来への羅針盤、その輝きと実像に迫る,skip,関連記事なし,0
2026-04-15 00:18:05,6802418398450368228,ワーファリン用量調整の実践ポイント,ok,https://hinyan1016.hatenablog.com/entry/2025/05/29/140015,5
2026-04-15 00:18:08,6802418398450115818,免疫抑制療法中のB型肝炎ウイルス再活性化対策,ok,https://hinyan1016.hatenablog.com/entry/2025/05/29/083319,5
2026-04-15 00:18:09,6802418398449563042,慢性硬膜下血腫にてんかん発作は合併するか？最新エビデンスによる検討,skip,関連記事なし,0
2026-04-15 00:18:10,6802418398449337235,自己免疫性脳炎の診断と治療：最新の知見とアプローチ,skip,関連記事なし,0
2026-04-15 00:18:10,6802418398449306271,外来で診る成人市中肺炎（CAP）・誤嚥性肺炎の最新治療ガイド,skip,関連記事なし,0
2026-04-15 00:18:11,6802418398449072129,焦点性てんかん重積状態の急性期〜亜急性期MRI所見：DWI・FLAIRを中心に,ok,https://hinyan1016.hatenablog.com/entry/2025/05/28/104150,5
2026-04-15 00:18:13,6802418398449056004,若年性脳梗塞患者における非動脈硬化性原因検索の検査まとめ,skip,関連記事なし,0
2026-04-15 00:18:15,6802418398448424336,硬膜動静脈瘻（dural AVF）の診断と治療 - 脳神経内科医による最新解説,ok,https://hinyan1016.hatenablog.com/entry/2025/05/27/210838,5
2026-04-15 00:18:18,6802418398448370827,神経サルコイドーシス総論,ok,https://hinyan1016.hatenablog.com/entry/2025/05/27/203859,5
2026-04-15 00:18:21,6802418398447210744,急性肝不全における入院時の血糖管理,ok,https://hinyan1016.hatenablog.com/entry/2025/05/27/012208,5
2026-04-15 00:18:24,6802418398446941690,脳梗塞患者の手術前における抗血栓薬休薬の指針,ok,https://hinyan1016.hatenablog.com/entry/2025/05/26/205249,5
2026-04-15 00:18:25,6802418398444705841,利尿薬の種類と特徴：内科医向け使い分けガイド,skip,関連記事なし,0
2026-04-15 00:18:27,6802418398444109460,経口栄養サポートとONS活用に関する包括レビュー,ok,https://hinyan1016.hatenablog.com/entry/2025/05/25/113053,5
2026-04-15 00:18:30,6802418398444015508,全身けいれん発作後のもうろう状態への対応ガイド,ok,https://hinyan1016.hatenablog.com/entry/2025/05/25/105101,5
2026-04-15 00:18:33,6802418398443498310,肥厚性硬膜炎（hypertrophic pachymeningitis）概要と最新知見,ok,https://hinyan1016.hatenablog.com/entry/2025/05/24/221301,5
2026-04-15 00:18:35,6802418398442301455,眼窩先端症候群 (Orbital Apex Syndrome),skip,関連記事なし,0
2026-04-15 00:18:36,6802418398440463659,NST医師のための経腸栄養概要,ok,https://hinyan1016.hatenablog.com/entry/2025/05/22/152435,5
2026-04-15 00:18:38,6802418398438461172,DOAC内服中急性期頭蓋内出血に対するオンデキサの適応と使用法,skip,関連記事なし,0
2026-04-15 00:18:40,6802418398438453131,トルーソー（Trousseau）症候群,ok,https://hinyan1016.hatenablog.com/entry/2025/05/21/081443,5
2026-04-15 00:18:43,6802418398438384842,全般てんかんに対する抗てんかん薬の推奨と薬剤選択,ok,https://hinyan1016.hatenablog.com/entry/2025/05/21/075425,5
2026-04-15 00:18:44,6802418398438298962,胃管（経鼻胃管）と胃瘻の比較：臨床選択ガイド,skip,関連記事なし,0
2026-04-15 00:18:44,6802418398437769697,経腸栄養ガイド,skip,関連記事なし,0
2026-04-15 00:18:46,6802418398436576907,過去20年間における健康診断の進化と今後の展望,ok,https://hinyan1016.hatenablog.com/entry/2025/05/20/085827,5
2026-04-15 00:18:50,6802418398436565161,アルコール離脱症候群（AWS）の包括的解説,ok,https://hinyan1016.hatenablog.com/entry/2025/05/20/084826,5
2026-04-15 00:18:51,6802418398436019240,高齢者の身体障害認定と自立支援：医師が知っておくべき制度と実務ポイント,skip,関連記事なし,0
2026-04-15 00:18:51,6802418398436017605,心房細動治療における過去20年間の変遷,skip,関連記事なし,0
2026-04-15 00:18:53,6802418398435175649,臨床栄養療法の基礎と実践：経腸・静脈栄養から合併症予防まで,ok,https://hinyan1016.hatenablog.com/entry/2025/05/19/044656,5
2026-04-15 00:18:56,6802418398435001826,成人における悪夢：疫学・診断・治療の最新知見,ok,https://hinyan1016.hatenablog.com/entry/2025/05/18/234128,5
2026-04-15 00:18:58,6802418398434925670,日本の死因、この20年の変化：データで読み解く健康トレンド,skip,関連記事なし,0
2026-04-15 00:18:58,6802418398434731896,鉄欠乏性貧血：その原因、症状、診断、治療、そして予防まで,skip,関連記事なし,0
2026-04-15 00:18:58,6802418398434705322,肺癌治療におけるこの20年の変遷：診断から個別化医療、そして未来へ,skip,関連記事なし,0
2026-04-15 00:18:58,6802418398433990283,日本における糖尿病治療の20年間の変遷,skip,関連記事なし,0
2026-04-15 00:18:59,6802418398432272973,ニホンイシガメ（Mauremys japonica）の食餌に関する包括的ガイド,skip,関連記事なし,0
2026-04-15 00:18:59,6802418398432125402,視神経脊髄炎スペクトラム障害（NMOSD）診療の進歩：過去20年の治療の変遷レビュー,skip,関連記事なし,0
2026-04-15 00:18:59,6802418398432035702,多発性硬化症治療の進歩：過去20年を振り返る ,skip,関連記事なし,0
2026-04-15 00:19:00,6802418398432021638,重症筋無力症治療の最近20年間の進歩,skip,関連記事なし,0
2026-04-15 00:19:00,6802418398431340442,てんかん治療アップデート：最近20年間の進歩と日常診療への応用,skip,関連記事なし,0
2026-04-15 00:19:00,6802418398431254895,アルツハイマー型認知症治療の進歩：過去20年を振り返る,skip,関連記事なし,0
2026-04-15 00:19:02,6802418398430376980,パーキンソン病治療の進歩（2005〜2025年）,ok,https://hinyan1016.hatenablog.com/entry/2025/05/16/052640,5
2026-04-15 00:19:05,6802418398430371463,片頭痛治療の薬物療法：過去20年の進歩とCGRP関連製剤の登場,ok,https://hinyan1016.hatenablog.com/entry/2025/05/16/041858,5
2026-04-15 00:19:09,6802418398429532512,エアコンなし高齢者熱中症：最新診療知見と対策,ok,https://hinyan1016.hatenablog.com/entry/2025/05/15/153206,5
2026-04-15 00:19:10,6802418398427861924,医師向け NotebookLM 活用ガイド（2025年最新版）,skip,関連記事なし,0
2026-04-15 00:19:12,6802418398427745448,A群溶連菌感染症：症状から治療まで徹底解説（2025年最新情報）,ok,https://hinyan1016.hatenablog.com/entry/2025/05/14/073728,5
2026-04-15 00:19:15,6802418398427743306,2025年5月最新：日本における麻疹の動向と対策,ok,https://hinyan1016.hatenablog.com/entry/2025/05/14/072821,5
2026-04-15 00:19:18,6802418398427687728,実践的なカンファレンスの進め方と症例発表技術,ok,https://hinyan1016.hatenablog.com/entry/2025/05/14/024031,5
2026-04-15 00:19:21,6802418398427677832,"脳アミロイド血管症（Cerebral Amyloid Angiopathy, CAA）総説—最新の治療戦略を中心に",ok,https://hinyan1016.hatenablog.com/entry/2025/05/14/020104,5
2026-04-15 00:19:23,6802418398427323348,薬剤の適正使用:副作用と相互作用に注意する,skip,関連記事なし,0
2026-04-15 00:19:23,6802418398426761123,医師としてのキャリアプランニング（研修医向け）,skip,関連記事なし,0
2026-04-15 00:19:25,6802418398426763171,学会発表の準備と成功のこつ（研修医向け）,ok,https://hinyan1016.hatenablog.com/entry/2025/05/13/121659,5
2026-04-15 00:19:28,6802418398426699659,臨床推論を高める！診断のステップアップ法（脳神経）,ok,https://hinyan1016.hatenablog.com/entry/2025/05/13/092050,5
2026-04-15 00:19:29,6802418398426689795,医療現場で求められるコミュニケーション力向上法,skip,関連記事なし,0
2026-04-15 00:19:31,6802418398426579706,研修医として覚えておくべき薬剤の基本（救急編）,ok,https://hinyan1016.hatenablog.com/entry/2025/05/13/064051,5
2026-04-15 00:19:33,6802418398426573460,感染症の早期診断と抗菌薬の選び方,skip,関連記事なし,0
2026-04-15 00:19:34,6802418398426536597,無症候性脳梗塞は放置していい？最新エビデンスでみる予防策,ok,https://hinyan1016.hatenablog.com/entry/2025/05/13/045835,5
2026-04-15 00:19:37,6802418398425768074,医学書・医学論文の効果的な読み方と活用法（研修医向け）,ok,https://hinyan1016.hatenablog.com/entry/2025/05/12/184116,5
2026-04-15 00:19:41,6802418398425627497,医療と法律：研修医が知っておくべき基本,ok,https://hinyan1016.hatenablog.com/entry/2025/05/12/173042,5
2026-04-15 00:19:42,6802418398425567188,医師としてのファイナンシャルプランニング（研修医向け）,skip,関連記事なし,0
2026-04-15 00:19:42,6802418398425499918,初期診療で重要な問診と身体診察のテクニック,skip,関連記事なし,0
2026-04-15 00:19:43,6802418398422585547,自閉症スペクトラム：最新知見と支援の全貌,skip,関連記事なし,0
2026-04-15 00:19:43,6802418398420317545,糖尿病性神経障害 最新治療と専門医が教える実践ケア,skip,関連記事なし,0
2026-04-15 00:19:45,6802418398419179530,甲状腺機能低下症：最新の知見と実臨床ポイント,ok,https://hinyan1016.hatenablog.com/entry/2025/05/09/192032,5
2026-04-15 00:19:46,6802418398418048298,更年期障害：最新の知見と治療戦略,skip,関連記事なし,0
2026-04-15 00:19:47,6802418398414599708,京阪京津線：日本の急勾配・急カーブ鉄道の真実,skip,関連記事なし,0
2026-04-15 00:19:47,6802418398414186258,心原性脳塞栓症：抗凝固薬はいつから始めるのが良いの？～最新情報と知っておくべきこと～,skip,関連記事なし,0
2026-04-15 00:19:47,6802418398413912189,肥満症治療薬最前線：ゼップバウンド登場でどう変わる？,skip,関連記事なし,0
2026-04-15 00:19:49,6802418398412341620,分水嶺梗塞の基礎と臨床：病態・診断・治療の最新知見,ok,https://hinyan1016.hatenablog.com/entry/2025/05/06/165645,5
2026-04-15 00:19:51,6802418398411984148,低ナトリウム血症の臨床鑑別アプローチ,skip,関連記事なし,0
2026-04-15 00:19:52,6802418398410386374,高齢者によく見られる皮膚のかゆみ（加齢性掻痒症）とは,ok,https://hinyan1016.hatenablog.com/entry/2025/05/05/233646,5
2026-04-15 00:19:54,6802418398409892113,成人便秘治療薬の種類と効果的な使い分け,skip,関連記事なし,0
2026-04-15 00:19:54,6802418398407929045,中高生のスマホ依存（ゲーム依存・SNS依存）について,skip,関連記事なし,0
2026-04-15 00:19:55,6802418398407747753,一般医のための抗うつ薬の使い分けガイド,skip,関連記事なし,0
2026-04-15 00:19:55,6802418398406348726,進化する父親の役割：日本における男性育休取得の現状と可能性,skip,関連記事なし,0
2026-04-15 00:19:55,6802418398404086674,CGRP関連製剤による片頭痛治療の最前線（2025年最新情報）,skip,関連記事なし,0
2026-04-15 00:19:57,6802418398403628235,診断書が拓く可能性：障害者雇用ガイド2025,ok,https://hinyan1016.hatenablog.com/entry/2025/05/03/101548,5
2026-04-15 00:19:58,6802418398403035034,若年性パーキンソン病女性における妊娠・出産・授乳管理,skip,関連記事なし,0
2026-04-15 00:20:01,6802418398402104253,顔面肩甲上腕型筋ジストロフィー（FSHD）概説：疫学・遺伝背景・診断・治療の最新知見,ok,https://hinyan1016.hatenablog.com/entry/2025/05/02/192103,5
2026-04-15 00:20:03,6802418398400211768,NotebookLMの音声概要の使い方：効率的な情報収集の新時代,ok,https://hinyan1016.hatenablog.com/entry/2025/05/02/044704,5
2026-04-15 00:20:05,6802418398399343681,2025年4月のAIアップデート総括：探す→考える→形にする、そのプロセスが加速した1か月,skip,関連記事なし,0
2026-04-15 00:20:05,6802418398396790531,【専門医が徹底解説】てんかんと運転免許──自動車・船舶・航空まで丸わかりガイド,skip,関連記事なし,0
2026-04-15 00:20:05,6802418398395479078,医局の縦社会における敬語と非言語マナーの重要性,skip,関連記事なし,0
2026-04-15 00:20:07,6802418398395296458,"脂肪塞栓症（Fat Embolism Syndrome, FES）の概要・診断・治療最新情報",ok,https://hinyan1016.hatenablog.com/entry/2025/04/30/134513,5
2026-04-15 00:20:10,6802418398394765233,新生活に潜む「五月病」とは？－原因、症状、対処法を徹底解説,ok,https://hinyan1016.hatenablog.com/entry/2025/04/30/085340,5
2026-04-15 00:20:13,6802418398391368502,正常圧水頭症（NPH）の概要と最新知見,ok,https://hinyan1016.hatenablog.com/entry/2025/04/29/105433,5
2026-04-15 00:20:15,6802418398390066781,フォルクマン拘縮とは,skip,関連記事なし,0
2026-04-15 00:20:16,6802418398386973242,フレイルとサルコペニア：基礎知識から予防までやさしく解説,ok,https://hinyan1016.hatenablog.com/entry/2025/04/27/235830,5
2026-04-15 00:20:19,6802418398380904949,日本各地で異なる「処方日数」と「頓用回数」制限 – 日常診療で押さえるポイント,ok,https://hinyan1016.hatenablog.com/entry/2025/04/26/092856,5
2026-04-15 00:20:23,6802418398380798300,プレドニゾロン長期使用時の合併症対策と併用薬ガイド,ok,https://hinyan1016.hatenablog.com/entry/2025/04/26/081712,5
2026-04-15 00:20:24,6802418398380791050,脳循環代謝改善薬のエビデンスと現在の評価,skip,関連記事なし,0
2026-04-15 00:20:26,6802418398379514881,2025年春の感染症最新動向まとめ,ok,https://hinyan1016.hatenablog.com/entry/2025/04/25/184134,5
2026-04-15 00:20:28,6802418398376062682,ADA「糖尿病標準治療 2025」 ― 非専門医でも知っておくべきアップデート,skip,関連記事なし,0
2026-04-15 00:20:29,6802418398375720899,標準治療を揺さぶる2025年糖尿病治療の注目論文,ok,https://hinyan1016.hatenablog.com/entry/2025/04/24/174649,5
2026-04-15 00:20:32,6802418398375457494,2025年に標準治療を揺さぶる脳神経内科領域の注目論文TOP4【最新エビデンス解説】,ok,https://hinyan1016.hatenablog.com/entry/2025/04/24/160348,5
2026-04-15 00:20:36,6802418398374909808,日本の統合失調症治療における第二世代抗精神病薬（SGA）の特徴と使い分け,ok,https://hinyan1016.hatenablog.com/entry/2025/04/24/131126,5
2026-04-15 00:20:39,6802418398373630442,身内に診断書を発行しても大丈夫？法的・倫理的観点と実務対応,ok,https://hinyan1016.hatenablog.com/entry/2025/04/24/022132,5
2026-04-15 00:20:40,6802418398371923076,ブリバラセタム（Brivaracetam）とは？最新の抗てんかん薬の概要,skip,関連記事なし,0
2026-04-15 00:20:40,6802418398370756150,抗てんかん薬レベチラセタム：作用機序、適応症、有効性と安全性、最新知見,skip,関連記事なし,0
2026-04-15 00:20:41,6802418398369219199,高度好酸球増多症（50%以上）の鑑別診断ガイド,skip,関連記事なし,0
2026-04-15 00:20:41,6802418398369134439,選定療養費制度：2022年改正がもたらした変化とその影響,skip,関連記事なし,0
2026-04-15 00:20:43,6802418398368245560,統合失調症：概要・診断・治療と最新動向,ok,https://hinyan1016.hatenablog.com/entry/2025/04/22/140745,5
2026-04-15 00:20:46,6802418398367734593,初診高血圧患者における二次性高血圧の鑑別診断,ok,https://hinyan1016.hatenablog.com/entry/2025/04/22/115849,5
2026-04-15 00:20:49,6802418398366901889,耳鳴に対する認知行動療法（CBT）と生活指導：エビデンスと実践,ok,https://hinyan1016.hatenablog.com/entry/2025/04/22/040247,5
2026-04-15 00:20:52,6802418398365418704,無菌性髄膜炎：疫学・診断・治療の最新動向,ok,https://hinyan1016.hatenablog.com/entry/2025/04/21/194211,5
2026-04-15 00:20:55,6802418398363810803,ポリニューロパチーの鑑別診断と必要な採血検査,ok,https://hinyan1016.hatenablog.com/entry/2025/04/21/180320,5
2026-04-15 00:20:58,6802418398365013330,手根管症候群（しゅこんかんしょうこうぐん）の生活ガイド　2025年度最新版,ok,https://hinyan1016.hatenablog.com/entry/2025/04/21/174244,5
2026-04-15 00:21:01,6802418398363666480,糖尿病と認知症の関係：専門的視点からわかりやすく解説,ok,https://hinyan1016.hatenablog.com/entry/2025/04/21/125512,5
2026-04-15 00:21:05,6802418398362997934,若い世代に多いニキビ（尋常性痤瘡）徹底解説：原因・治療・予防と最新研究動向,ok,https://hinyan1016.hatenablog.com/entry/2025/04/21/084536,5
2026-04-15 00:21:08,6802418398358567106,世界の虫歯予防・治療の最新動向と日本との比較,ok,https://hinyan1016.hatenablog.com/entry/2025/04/20/091815,5
2026-04-15 00:21:11,6802418398358178067,認知症とてんかんの関連性：頻度・診断・治療と病態メカニズム,ok,https://hinyan1016.hatenablog.com/entry/2025/04/20/063423,5
2026-04-15 00:21:15,6802418398353656497,結節性硬化症（Tuberous Sclerosis Complex: TSC）総説 – 診断から治療・経過観察まで,ok,https://hinyan1016.hatenablog.com/entry/2025/04/19/021236,5
2026-04-15 00:21:16,6802418398352495072,病院管理者・薬剤師のための電子処方箋導入ガイド,skip,関連記事なし,0
2026-04-15 00:21:19,6802418398352334935,進行性多巣性白質脳症（PML）,ok,https://hinyan1016.hatenablog.com/entry/2025/04/18/180713,5
2026-04-15 00:21:22,6802418398350019916,2024年施行「認知症基本法」が医療現場に与える影響とは？,ok,https://hinyan1016.hatenablog.com/entry/2025/04/18/031544,5
2026-04-15 00:21:23,6802418398349990631,最先端のiPS細胞治療がパーキンソン病の未来をどう変えるのか,skip,関連記事なし,0
2026-04-15 00:21:25,6802418398348919683,2024年度希少疾患向け新規バイオ医薬品・遺伝子治療薬の動向,ok,https://hinyan1016.hatenablog.com/entry/2025/04/17/200331,5
2026-04-15 00:21:28,6802418398348843762,2022〜2025年のてんかん領域: 最新研究動向とトレンド,ok,https://hinyan1016.hatenablog.com/entry/2025/04/17/191100,5
2026-04-15 00:21:29,6802418398347750642,10分でまとめる症例報告プレゼン資料作成のポイント,skip,関連記事なし,0
2026-04-15 00:21:29,6802418398347561111,生活習慣病予防の健康行動介入・デジタル介入の有効性,skip,関連記事なし,0
2026-04-15 00:21:31,6802418398346815531,パーソナライズド栄養（Precision Nutrition）とは,ok,https://hinyan1016.hatenablog.com/entry/2025/04/17/054534,5
2026-04-15 00:21:34,6802418398344978153,GFAP アストロサイトパチー: 最新の理解と臨床アプローチ,ok,https://hinyan1016.hatenablog.com/entry/2025/04/16/124624,5
2026-04-15 00:21:37,6802418398344881949,ADHDのある人への職場での合理的配慮とは,ok,https://hinyan1016.hatenablog.com/entry/2025/04/16/040356,5
2026-04-15 00:21:41,6802418398344880309,てんかんとスティグマ：日本における現状と課題,ok,https://hinyan1016.hatenablog.com/entry/2025/04/16/032854,5
2026-04-15 00:21:44,6802418398344877998,SOD1変異ALSに対するトフェルセン（Qalsody®）：最新治療の包括的解説,ok,https://hinyan1016.hatenablog.com/entry/2025/04/16/024412,5
2026-04-15 00:21:47,6802418398344773902,ギラン・バレー症候群：IVIG治療反応不良例に対する追加治療の最新エビデンス,ok,https://hinyan1016.hatenablog.com/entry/2025/04/15/185939,5
2026-04-15 00:21:48,6802418398344684254,2025年4月15日時点における日本の感染症の最新動向,skip,関連記事なし,0
2026-04-15 00:21:48,6802418398344679918,内科医のためのARB処方ガイド：製剤ごとの特徴と臨床での使い分け,skip,関連記事なし,0
2026-04-15 00:21:49,6802418398344663829,日本国内で使用されるカルシウム拮抗薬（CCB）の特徴と実臨床での使い分け,skip,関連記事なし,0
2026-04-15 00:21:51,6802418398344622944,不眠症の非薬物療法：種類、効果とプライマリケアでの実践,ok,https://hinyan1016.hatenablog.com/entry/2025/04/15/072144,5
2026-04-15 00:21:54,6802418398344485014,"巨細胞性動脈炎（Giant Cell Arteritis, GCA）: 疾患概要と最新知見",ok,https://hinyan1016.hatenablog.com/entry/2025/04/14/181032,5
2026-04-15 00:21:56,6802418398344480647,Evidence-based健康長寿戦略：高齢になっても元気でいるためにできること,skip,関連記事なし,0
2026-04-15 00:21:58,6802418398344448644,後頭神経痛 (Occipital Neuralgia) | 症状・診断・治療の最新ガイド,ok,https://hinyan1016.hatenablog.com/entry/2025/04/14/153036,5
2026-04-15 00:22:01,6802418398344352531,採血後の痛みやしびれ：原因・対処法・予防策,ok,https://hinyan1016.hatenablog.com/entry/2025/04/14/071701,5
2026-04-15 00:22:04,6802418398344066214,セノバメート：難治性焦点てんかんにおける新たな切り札,ok,https://hinyan1016.hatenablog.com/entry/2025/04/13/081920,5
2026-04-15 00:22:05,6802418398343861025,春の恵み、蜂蜜の世界へようこそ！基本から4月のおすすめまで徹底ガイド,skip,関連記事なし,0
2026-04-15 00:22:07,6802418398343857247,パーキンソン病における流涎（よだれ）：発生メカニズムから治療まで,ok,https://hinyan1016.hatenablog.com/entry/2025/04/12/121241,5
2026-04-15 00:22:10,6802418398343850224,慢性疲労症候群（ME/CFS）: 脳神経内科医のための臨床ガイド,ok,https://hinyan1016.hatenablog.com/entry/2025/04/12/113833,5
2026-04-15 00:22:13,6802418398343834237,日本の病院における医療従事者のためのSNS活用実態と課題分析レポート,ok,https://hinyan1016.hatenablog.com/entry/2025/04/12/102016,5
2026-04-15 00:22:17,6802418398343701723,脳表ヘモジデリン沈着症 (Superficial Siderosis of the CNS): 最新の知見と臨床的アプローチ,ok,https://hinyan1016.hatenablog.com/entry/2025/04/11/190147,5
2026-04-15 00:22:20,6802418398343560407,高齢者の「ふらつき感」：疫学データと初診時の対応,ok,https://hinyan1016.hatenablog.com/entry/2025/04/11/072625,5
2026-04-15 00:22:22,6802418398343543251,脳神経内科外来における検査オーダーのためのレセプト病名ガイド：適切な保険請求のために,skip,関連記事なし,0
2026-04-15 00:22:22,6802418398343504198,小脳梗塞の予後： 「良好」という通説を超えて - 脳神経内科医のための文献的考察,skip,関連記事なし,0
2026-04-15 00:22:24,6802418398343422212,2025年4月10日時点における日本の感染症の最新動向,ok,https://hinyan1016.hatenablog.com/entry/2025/04/10/165045,5
2026-04-15 00:22:27,6802418398343418285,バルプロ酸とカルバペネム系抗菌薬の併用禁忌：理由とメカニズム,ok,https://hinyan1016.hatenablog.com/entry/2025/04/10/163417,5
2026-04-15 00:22:28,6802418398343407214,頭蓋内椎骨動脈解離（ICVAD）：包括的レビュー,skip,関連記事なし,0
2026-04-15 00:22:30,6802418398343307706,首を回すと、めまいや失神？ もしかしたら稀な血管疾患「Bow Hunter症候群」かも,ok,https://hinyan1016.hatenablog.com/entry/2025/04/10/083724,5
2026-04-15 00:22:33,6802418398343145582,京都市内の桜の名所マップ（Gensparkにて作成）,ok,https://hinyan1016.hatenablog.com/entry/2025/04/09/163648,5
2026-04-15 00:22:34,6802418398343295823,Bow Hunter症候群（回旋性椎骨動脈圧迫症候群）の包括的解説(Genspark),skip,関連記事なし,0
2026-04-15 00:22:35,6802418398343295681,回旋性椎骨動脈圧迫症候群（Bow Hunter症候群）の包括的レビュー(ChatGPT),skip,関連記事なし,0
2026-04-15 00:22:35,6802418398343295524,Bow Hunter症候群（回旋性椎骨動脈圧迫症候群）：専門医向け解説(Gemini),skip,関連記事なし,0
2026-04-15 00:22:37,6802418398343144851,頸部椎骨動脈解離（Extracranial Vertebral Artery Dissection）,ok,https://hinyan1016.hatenablog.com/entry/2025/04/09/163307,5
2026-04-15 00:22:38,6802418398343112382,Wallenberg症候群（延髄外側症候群）の総合レビュー,skip,関連記事なし,0
2026-04-15 00:22:40,6802418398343019326,   血管内リンパ腫（IVL）の総説：神経内科専門医のためのポイント,ok,https://hinyan1016.hatenablog.com/entry/2025/04/09/034033,5
2026-04-15 00:22:42,6802418398343018747,百日咳（Bordetella pertussis）の最新知見：疫学から治療まで,skip,関連記事なし,0
2026-04-15 00:22:42,6802418398343001694,原発巣不明の転移性脳腫瘍：診断と治療の最新知見,skip,関連記事なし,0
2026-04-15 00:22:44,6802418398342855468,重症疾患関連ニューロパチー（CIP）の専門医向け解説,ok,https://hinyan1016.hatenablog.com/entry/2025/04/08/130035,5
2026-04-15 00:22:45,6802418398342812264,"一時雷鳴様頭痛（Thunderclap Headache, TCH）概要",skip,関連記事なし,0
2026-04-15 00:22:47,6802418398342757414,リウマチ性多発筋痛症（PMR）の徹底解説,ok,https://hinyan1016.hatenablog.com/entry/2025/04/08/001024,5
2026-04-15 00:22:51,6802418398342753435,腕神経引き抜き損傷の電気生理検査：神経診断へのアプローチ,ok,https://hinyan1016.hatenablog.com/entry/2025/04/07/235505,5
2026-04-15 00:22:54,6802418398342450480,緊張型頭痛を徹底解説：原因から予防まで,ok,https://hinyan1016.hatenablog.com/entry/2025/04/06/220530,5
2026-04-15 00:22:55,6802418398342414719,片頭痛の治療：標準治療から最新治療、将来の展望まで,skip,関連記事なし,0
2026-04-15 00:22:57,6802418398342271906,自身の最近のAIへの関わりを紹介,ok,https://hinyan1016.hatenablog.com/entry/2025/04/06/090404,5
2026-04-15 00:22:59,6802418398342201776,試験対策：2023〜2025年注目の最新治療法,skip,関連記事なし,0
2026-04-15 00:23:00,6802418398342199347,【2025年最新】医療者が知っておくべき医療AI・DXトレンド,ok,https://hinyan1016.hatenablog.com/entry/2025/04/05/224706,5
2026-04-15 00:23:03,6802418398342167360,気候変動と健康：医療専門職に求められる役割と実践的アプローチ,ok,https://hinyan1016.hatenablog.com/entry/2025/04/05/204034,5
2026-04-15 00:23:05,6802418398342167013,医療従事者のバーンアウト：最新エビデンスに基づく予防と対策,skip,関連記事なし,0
2026-04-15 00:23:05,6802418398342165916,精密医療（Precision Medicine）の最前線：がんゲノム医療から次世代医療へ,skip,関連記事なし,0
2026-04-15 00:23:05,6802418398342165795,Long COVID最新エビデンスと管理戦略：臨床医のための実践ガイド,skip,関連記事なし,0
2026-04-15 00:23:06,6802418398342165590,医療現場における生成AIの実装最前線：事例から学ぶ臨床応用と将来展望,skip,関連記事なし,0
2026-04-15 00:23:06,6802418398341995749,2025年4月4日時点における日本の感染症の最新動向（Gensparkバージョン）,skip,関連記事なし,0
2026-04-15 00:23:06,6802418398341995513,自己免疫性ノドパシー: 疾患概念から診断・治療まで（Gensparkバージョン）,skip,関連記事なし,0
2026-04-15 00:23:06,6802418398341995286,CIDPの病理所見に関する包括的調査（Gesnparkバージョン）,skip,関連記事なし,0
2026-04-15 00:23:07,6802418398341995078,重症筋無力症に対する抗体薬：最新の治療オプションと臨床的意義（Gensparkバージョン）,skip,関連記事なし,0
2026-04-15 00:23:07,6802418398341994947,ニホンイシガメの飼育ガイド：初心者から中級者まで（Gensparkバージョン）,skip,関連記事なし,0
2026-04-15 00:23:09,6802418398341947330,自己免疫性ノドパシーの総合レポート,ok,https://hinyan1016.hatenablog.com/entry/2025/04/04/221217,5
2026-04-15 00:23:10,6802418398341945862,慢性炎症性脱髄性多発ニューロパチー（CIDP）の病理所見,skip,関連記事なし,0
2026-04-15 00:23:12,6802418398341941864,多巣性CIDP（Lewis-Sumner症候群）の定義・診断・治療と予後,ok,https://hinyan1016.hatenablog.com/entry/2025/04/04/215000,5
2026-04-15 00:23:15,6802418398341941295,難治性重症筋無力症に対する抗体療法：作用機序、エビデンス、安全性と最新動向,ok,https://hinyan1016.hatenablog.com/entry/2025/04/04/214731,5
2026-04-15 00:23:17,6802418398341897358,FcRn阻害薬のCIDPへの臨床応用,skip,関連記事なし,0
2026-04-15 00:23:19,6802418398341889417,終末期における皮下点滴（Hypodermoclysis）の実践ガイド,ok,https://hinyan1016.hatenablog.com/entry/2025/04/04/174249,5
2026-04-15 00:23:22,6802418398341556027,顔面神経麻痺の標準治療と最新動向,ok,https://hinyan1016.hatenablog.com/entry/2025/04/03/103014,5
2026-04-15 00:23:24,6802418398341500635,アテローム血栓性脳梗塞・ラクナ梗塞の最新治療戦略,skip,関連記事なし,0
2026-04-15 00:23:25,6802418398341501806,帯状疱疹後神経痛（PHN）の最新治療戦略と難治例へのアプローチ,ok,https://hinyan1016.hatenablog.com/entry/2025/04/03/030341,5
2026-04-15 00:23:28,6802418398341240860,HELT-E2S2スコアとは何か：構成からESUSにおけるAF予測まで,ok,https://hinyan1016.hatenablog.com/entry/2025/04/02/024955,5
2026-04-15 00:23:30,6802418398341233219,成人肥満症の治療：日本基準にもとづく最新の知見,skip,関連記事なし,0
2026-04-15 00:23:32,6802418398340972205,誤嚥性肺炎：診断・治療・予防・高齢者施設での管理,ok,https://hinyan1016.hatenablog.com/entry/2025/04/01/042331,5
2026-04-15 00:23:35,6802418398340960619,2024年度に改定・公開された主要な診療ガイドライン,ok,https://hinyan1016.hatenablog.com/entry/2025/04/01/011850,5
2026-04-15 00:23:38,6802418398340802006,ニホンイシガメの飼育ガイド（初心者〜中級者向け）,ok,https://hinyan1016.hatenablog.com/entry/2025/03/31/141108,5
2026-04-15 00:23:41,6802418398340780599,起立性調節障害（OD）の基礎と病態生理,ok,https://hinyan1016.hatenablog.com/entry/2025/03/31/123013,5
2026-04-15 00:23:44,6802418398340767714,認知症と診断されたら？ご本人・ご家族のための介護制度・施設ガイド,ok,https://hinyan1016.hatenablog.com/entry/2025/03/31/113117,5
2026-04-15 00:23:47,6802418398340766819,家族が「認知症かも？」と感じたら：ご家族のための初期アクションプラン,ok,https://hinyan1016.hatenablog.com/entry/2025/03/31/112659,5
2026-04-15 00:23:50,6802418398340597691,【男性のための】見過ごせない紫外線リスク：日焼け対策の重要性と実践ガイド,ok,https://hinyan1016.hatenablog.com/entry/2025/03/30/190906,5
2026-04-15 00:23:53,6802418398340589720,脳神経内科領域における漢方薬の臨床的有用性,ok,https://hinyan1016.hatenablog.com/entry/2025/03/30/184145,5
2026-04-15 00:23:56,6802418398340564260,脳神経内科クリニック開業に向けた調査レポート,ok,https://hinyan1016.hatenablog.com/entry/2025/03/30/171621,5
2026-04-15 00:23:58,6802418398340565849,男性の更年期障害（LOH症候群）とは,skip,関連記事なし,0
2026-04-15 00:23:59,6802418398340466457,心不全診療の羅針盤：BNP/NT-proBNPを使いこなす～2025年改訂版 心不全診療ガイドラインを踏まえて～,ok,https://hinyan1016.hatenablog.com/entry/2025/03/30/095950,5
2026-04-15 00:24:02,6802418398340464745,異動の季節、辛いと感じたら… 職場環境の変化に悩むあなたへ送る相談ガイド,ok,https://hinyan1016.hatenablog.com/entry/2025/03/30/095038,5
2026-04-15 00:24:05,6802418398340412651,頭痛を伴わない閃輝暗点（サイレント片頭痛）の基礎知識,ok,https://hinyan1016.hatenablog.com/entry/2025/03/30/014349,5
2026-04-15 00:24:07,6802418398340383984,特定保健用食品（トクホ）・機能性表示食品・栄養機能食品の違いを徹底解説 ～患者さんへの適切な情報提供のために～,skip,関連記事なし,0
2026-04-15 00:24:09,6802418398340374932,2025年版心不全診療ガイドライン：最新の変更点と臨床的意義,ok,https://hinyan1016.hatenablog.com/entry/2025/03/29/222757,5
2026-04-15 00:24:12,6802418398340204628,「それ、どういう意味？」をなくしたい！内科・脳神経内科の専門用語、患者さんに伝わる「やさしい日本語」変換リスト,ok,https://hinyan1016.hatenablog.com/entry/2025/03/29/092214,5
2026-04-15 00:24:15,6802418398340197812,医師が特に意識したい接遇実践ポイント：診療の質を高めるコミュニケーションの核心,ok,https://hinyan1016.hatenablog.com/entry/2025/03/29/084721,5
2026-04-15 00:24:18,6802418398340182619,聞こえの問題、放置しないで！難聴・認知症・補聴器の関係性を多角的に解説【ご本人・ご家族・医療従事者向け】,ok,https://hinyan1016.hatenablog.com/entry/2025/03/29/070631,5
2026-04-15 00:24:21,6802418398340004724,早期がん診断のためのバイオマーカー,ok,https://hinyan1016.hatenablog.com/entry/2025/03/28/141927,5
2026-04-15 00:24:25,6802418398339986796,頭痛診療を極めるための問診術：診断精度向上の技術,ok,https://hinyan1016.hatenablog.com/entry/2025/03/28/124016,5
2026-04-15 00:24:27,6802418398339895144,帯状疱疹と髄液細胞数増加：脳神経内科医が診る神経への波及と介入のジレンマ,ok,https://hinyan1016.hatenablog.com/entry/2025/03/28/005817,5
2026-04-15 00:24:29,6802418398339850706,ランバート・イートン筋無力症候群（LEMS）の最新診断と治療,skip,関連記事なし,0
2026-04-15 00:24:29,6802418398339824432,脳神経内科医・医療スタッフ必見！NSTがもたらす栄養管理の最前線,skip,関連記事なし,0
2026-04-15 00:24:31,6802418398339812785,【他人事ではない】日本の山々が燃えている！多発する山火事の原因と、未来を守るために私たちができること,ok,https://hinyan1016.hatenablog.com/entry/2025/03/27/183937,5
2026-04-15 00:24:34,6802418398339807405,研修医のための頭部MRI読影入門：基本から学ぶ第一歩,ok,https://hinyan1016.hatenablog.com/entry/2025/03/27/181507,5
2026-04-15 00:24:37,6802418398339802767,すべての患者さんに安心を届けるために：医療現場におけるLGBTQ+への配慮,ok,https://hinyan1016.hatenablog.com/entry/2025/03/27/175446,5
2026-04-15 00:24:40,6802418398339793896,研修医必見！脳神経内科領域の問診完全ガイド,ok,https://hinyan1016.hatenablog.com/entry/2025/03/27/174232,5
2026-04-15 00:24:42,6802418398339630463,知的障害者の通所・入所施設の現状と課題,skip,関連記事なし,0
2026-04-15 00:24:44,6802418398339611903,成人焦点てんかんにおける側方徴候：文献レビュー,ok,https://hinyan1016.hatenablog.com/entry/2025/03/26/222516,5
2026-04-15 00:24:47,6802418398339466138,春の風物詩「黄砂」その正体と健康影響,ok,https://hinyan1016.hatenablog.com/entry/2025/03/26/101913,5
2026-04-15 00:24:50,6802418398339451368,自己肯定感って何？低いとどうなる？高めるための習慣,ok,https://hinyan1016.hatenablog.com/entry/2025/03/26/084109,5
2026-04-15 00:24:53,6802418398339422580,医療従事者とマインドフルネス：ストレス軽減からケアの質向上まで,ok,https://hinyan1016.hatenablog.com/entry/2025/03/26/044508,5
2026-04-15 00:24:56,6802418398339414526,高感受性（HSP）と医療現場：繊細な気質を持つ医療者・患者への理解と対応,ok,https://hinyan1016.hatenablog.com/entry/2025/03/26/020412,5
2026-04-15 00:24:59,6802418398338915762,認知症予防に効果的な生活習慣,ok,https://hinyan1016.hatenablog.com/entry/2025/03/24/040826,5
2026-04-15 00:25:02,6802418398338555743,最新事例に見る中国の診療現場における先進AI活用の実態,ok,https://hinyan1016.hatenablog.com/entry/2025/03/22/193406,5
2026-04-15 00:25:04,6802418398338396360,花粉症と風邪の鑑別ガイド,skip,関連記事なし,0
2026-04-15 00:25:04,6802418398338375526,不眠症：現代社会における包括的な理解と対策,skip,関連記事なし,0
2026-04-15 00:25:06,6802418398338156202,2025年度の新薬トレンドと長期処方解禁の展望,ok,https://hinyan1016.hatenablog.com/entry/2025/03/21/073718,5
2026-04-15 00:25:09,6802418398337896797,ADHD傾向の人・片付け苦手な人のための引っ越し整理整頓ガイド,ok,https://hinyan1016.hatenablog.com/entry/2025/03/20/083411,5
2026-04-15 00:25:12,6802418398337873743,年度末の異動シーズンに知っておきたい適応障害,ok,https://hinyan1016.hatenablog.com/entry/2025/03/20/044707,5
2026-04-15 00:25:14,6802418398337720222,"むずむず脚症候群（Restless Legs Syndrome, RLS）に関する包括的レビュー",skip,関連記事なし,0
2026-04-15 00:25:16,6802418398337712312,REM睡眠行動異常症（RBD)の包括的解説,ok,https://hinyan1016.hatenablog.com/entry/2025/03/19/133206,5
2026-04-15 00:25:19,6802418398337643027,認知症と心房細動の関連性：最新知見と臨床的意義,ok,https://hinyan1016.hatenablog.com/entry/2025/03/19/071438,5
2026-04-15 00:25:21,6802418398337551046,肥満症の最新治療法と展望：GLP-1受容体作動薬を中心に,skip,関連記事なし,0
2026-04-15 00:25:21,6802418398337385380,お隣の国、【2025年最新】韓国認知症学会による認知症薬物療法ガイドライン,skip,関連記事なし,0
2026-04-15 00:25:23,6802418398337374022,医療チームにおける心理的安全性の重要性,ok,https://hinyan1016.hatenablog.com/entry/2025/03/18/045559,5
2026-04-15 00:25:26,6802418398337131875,プロバイオティクスの科学的効果：免疫力を高める仕組みとエビデンス,ok,https://hinyan1016.hatenablog.com/entry/2025/03/17/074712,5
2026-04-15 00:25:27,6802418398337111617,『危険な常識！？科学が暴く「3秒ルール」の真実とペットボトル飲み残しの衝撃的雑菌リスク』,skip,関連記事なし,0
2026-04-15 00:25:30,6802418398337108083,人生会議（ACP）総合ガイド：意義と進め方,ok,https://hinyan1016.hatenablog.com/entry/2025/03/17/031611,5
2026-04-15 00:25:33,6802418398336922362,高血圧治療の第一選択薬と併用療法：JSH2019ガイドラインに基づく実践アプローチ,ok,https://hinyan1016.hatenablog.com/entry/2025/03/16/133638,5
2026-04-15 00:25:36,6802418398336905822,集中治療脳波モニタリング（Critical Care EEG）の臨床応用と有用性,ok,https://hinyan1016.hatenablog.com/entry/2025/03/16/122952,5
2026-04-15 00:25:39,6802418398336867484,脂肪肝（NAFLDおよびAFLD）の最新医学知識：診断から治療まで,ok,https://hinyan1016.hatenablog.com/entry/2025/03/16/095610,5
2026-04-15 00:25:42,6802418398336831196,風邪（感冒）完全ガイド：原因・症状・治療・予防法,ok,https://hinyan1016.hatenablog.com/entry/2025/03/16/060109,5
2026-04-15 00:25:45,6802418398336829123,糖尿病治療ガイドライン比較：各国の第一選択薬と最新エビデンス,ok,https://hinyan1016.hatenablog.com/entry/2025/03/16/054037,5
2026-04-15 00:25:48,6802418398336571447,2025年最新の一般内科トレンド：感染症動向と対策  ,ok,https://hinyan1016.hatenablog.com/entry/2025/03/15/075022,5
2026-04-15 00:25:51,6802418398336566804,科学的根拠に基づくダイエット方法の最新エビデンス,ok,https://hinyan1016.hatenablog.com/entry/2025/03/15/071546,5
2026-04-15 00:25:53,6802418398336339422,認知症患者のせん妄：最新の治療法と効果的な対策,skip,関連記事なし,0
2026-04-15 00:25:55,6802418398336323222,日本におけるオンライン診療（脳神経内科）の開業可否に関する解説,ok,https://hinyan1016.hatenablog.com/entry/2025/03/14/092651,5
2026-04-15 00:25:56,6802418398336317725,ジストニア治療の最新動向,skip,関連記事なし,0
2026-04-15 00:25:59,6802418398336236537,食欲調節に関わるホルモンと中枢神経系,ok,https://hinyan1016.hatenablog.com/entry/2025/03/13/224542,5
2026-04-15 00:26:02,6802418398336159052,快楽的空腹とダイエット戦略,ok,https://hinyan1016.hatenablog.com/entry/2025/03/13/173554,5
2026-04-15 00:26:03,6802418398336014339,アルツハイマー型認知症に対する抗体薬：最新動向と展望,skip,関連記事なし,0
2026-04-15 00:26:05,6802418398335872132,迫りくる2025年問題：超高齢社会が医療にもたらす影響と対策,ok,https://hinyan1016.hatenablog.com/entry/2025/03/12/155957,5
2026-04-15 00:26:08,6802418398335710612,日本におけるノロウイルス感染性胃腸炎の最新状況（2025年）,ok,https://hinyan1016.hatenablog.com/entry/2025/03/11/224908,5
2026-04-15 00:26:11,6802418398335625946,Issacs症候群（ニューロミオトニア）の概要,ok,https://hinyan1016.hatenablog.com/entry/2025/03/11/172855,5
2026-04-15 00:26:13,6802418398335459035,AI問診！？,skip,関連記事なし,0
2026-04-15 00:26:13,6802418398335257398,AIを活用した文献検索ツールの比較調査,skip,関連記事なし,0
2026-04-15 00:26:15,6802418398335229064,パーキンソン病・神経難病患者のオンライン診療の現状と課題,ok,https://hinyan1016.hatenablog.com/entry/2025/03/10/074718,5
2026-04-15 00:26:16,6802418398335199672,指先採血にさようなら！　糖尿病の血糖管理の進歩,skip,関連記事なし,0
2026-04-15 00:26:16,6802418398335177024,糖尿病治療の新時代：GLP-1受容体作動薬とSGLT2阻害薬がもたらす多面的ベネフィット,skip,関連記事なし,0
2026-04-15 00:26:18,6802418398334848740,「医師も笑顔で帰りたい」：医療崩壊を防ぐ働き方改革の成功事例,ok,https://hinyan1016.hatenablog.com/entry/2025/03/08/203558,5
2026-04-15 00:26:20,6802418398334827444,片頭痛の予防薬：CGRPと内服薬について,skip,関連記事なし,0
2026-04-15 00:26:22,6802418398334764445,神経疾患を防ぐ鍵：知っておくべきビタミンB12の真実,ok,https://hinyan1016.hatenablog.com/entry/2025/03/08/144501,5
2026-04-15 00:26:23,6802418398334556684,グレープフルーツが薬を変える!? 知っておきたい柑橘類と薬の危険な関係,skip,関連記事なし,0
2026-04-15 00:26:25,6802418398334475245,医療のゲームチェンジャー：GLP-1アナログが開く糖尿病治療を超えた新時代,ok,https://hinyan1016.hatenablog.com/entry/2025/03/07/135504,5
2026-04-15 00:26:28,6802418398334473725,心臓も腎臓も守る驚異の薬剤：糖尿病治療薬SGLT2阻害薬の隠された可能性を徹底解説,ok,https://hinyan1016.hatenablog.com/entry/2025/03/07/134606,5
2026-04-15 00:26:31,6802418398334378906,日本における抗てんかん薬の最新承認状況と発売予定,ok,https://hinyan1016.hatenablog.com/entry/2025/03/07/064348,5
2026-04-15 00:26:32,6802418398334377876,バイキングを使用した針筋電図検査：ALSとミオパチー診断の詳細解説,skip,関連記事なし,0
2026-04-15 00:26:34,6802418398334376302,AGA治療に関する最新の研究動向と主要治療法,ok,https://hinyan1016.hatenablog.com/entry/2025/03/07/061723,5
2026-04-15 00:26:36,6802418398334375695,成人HHV-6脳症に対する治療の最新動向――ホスカルネットとガンシクロビルの比較分析,skip,関連記事なし,0
2026-04-15 00:26:36,6802418398334374023,ビッカースタッフ脳幹脳炎（BBE）の治療動向,skip,関連記事なし,0
2026-04-15 00:26:36,6802418398334368576,NSAIDsによる腎障害のリスク,skip,関連記事なし,0
2026-04-15 00:26:38,6802418398334368021,アドラー心理学の基本概念と課題の分離,ok,https://hinyan1016.hatenablog.com/entry/2025/03/07/043555,5
2026-04-15 00:26:39,6802418398334367196,抗てんかん薬と授乳,skip,関連記事なし,0
2026-04-15 00:26:40,6802418398334366422,高齢者の脳梗塞における抗血栓薬選択と出血リスク管理,skip,関連記事なし,0
2026-04-15 00:26:41,6802418398334365458,ブログを始めてみました,ok,https://hinyan1016.hatenablog.com/entry/2026/04/15/002640,5
