ts,url,status,linked,skipped,hits_sample
2026-04-21 07:10:03,https://hinyan1016.hatenablog.com/entry/2025/08/07/221658,updated,2,6,37310582;38515998
2026-04-21 07:10:31,https://hinyan1016.hatenablog.com/entry/2025/08/10/052804,no_link,0,2,
2026-04-21 07:10:48,https://hinyan1016.hatenablog.com/entry/2025/08/14/094039,updated,2,3,12401935;26371733
2026-04-21 07:11:11,https://hinyan1016.hatenablog.com/entry/2025/08/14/122904,no_link,0,9,
2026-04-21 07:11:28,https://hinyan1016.hatenablog.com/entry/2025/08/14/183023,no_link,0,5,
2026-04-21 07:11:51,https://hinyan1016.hatenablog.com/entry/2025/08/16/083402,no_link,0,4,
2026-04-21 07:12:08,https://hinyan1016.hatenablog.com/entry/2025/08/17/063231,no_link,0,3,
2026-04-21 07:12:25,https://hinyan1016.hatenablog.com/entry/2025/08/17/082426,no_link,0,9,
2026-04-21 07:12:41,https://hinyan1016.hatenablog.com/entry/2025/08/18/071851,updated,1,2,10947027
2026-04-21 07:13:03,https://hinyan1016.hatenablog.com/entry/2025/08/19/213808,no_link,0,6,
2026-04-21 07:13:20,https://hinyan1016.hatenablog.com/entry/2025/08/21/072820,no_link,0,31,
2026-04-21 07:13:36,https://hinyan1016.hatenablog.com/entry/2025/08/23/150413,no_link,0,10,
2026-04-21 07:13:52,https://hinyan1016.hatenablog.com/entry/2025/08/23/163249,no_link,0,19,
2026-04-21 07:14:08,https://hinyan1016.hatenablog.com/entry/2025/08/23/192749,no_link,0,11,
2026-04-21 07:14:26,https://hinyan1016.hatenablog.com/entry/2025/08/26/035806,updated,1,1,19996400
2026-04-21 07:14:46,https://hinyan1016.hatenablog.com/entry/2025/08/28/190822,no_link,0,5,
2026-04-21 07:15:02,https://hinyan1016.hatenablog.com/entry/2025/09/01/073533,no_link,0,21,
2026-04-21 07:15:17,https://hinyan1016.hatenablog.com/entry/2025/09/01/195249,updated,1,2,27494156
2026-04-21 07:15:38,https://hinyan1016.hatenablog.com/entry/2025/09/02/033903,no_link,0,4,
2026-04-21 07:15:53,https://hinyan1016.hatenablog.com/entry/2025/09/02/190716,no_link,0,2,
2026-04-21 07:16:08,https://hinyan1016.hatenablog.com/entry/2025/09/03/092938,no_link,0,6,
2026-04-21 07:16:24,https://hinyan1016.hatenablog.com/entry/2025/09/03/130906,no_link,0,18,
2026-04-21 07:16:39,https://hinyan1016.hatenablog.com/entry/2025/09/04/122557,no_link,0,19,
2026-04-21 07:16:54,https://hinyan1016.hatenablog.com/entry/2025/09/06/033840,no_link,0,2,
2026-04-21 07:17:10,https://hinyan1016.hatenablog.com/entry/2025/09/06/050505,no_link,0,4,
2026-04-21 07:17:26,https://hinyan1016.hatenablog.com/entry/2025/09/06/052655,no_link,0,5,
2026-04-21 07:17:41,https://hinyan1016.hatenablog.com/entry/2025/09/07/062616,no_link,0,3,
2026-04-21 07:17:56,https://hinyan1016.hatenablog.com/entry/2025/09/08/073648,no_link,0,3,
2026-04-21 07:18:11,https://hinyan1016.hatenablog.com/entry/2025/09/09/023740,no_link,0,2,
2026-04-21 07:18:26,https://hinyan1016.hatenablog.com/entry/2025/09/09/073455,no_link,0,7,
2026-04-21 07:18:41,https://hinyan1016.hatenablog.com/entry/2025/09/09/153332,no_link,0,4,
2026-04-21 07:18:56,https://hinyan1016.hatenablog.com/entry/2025/09/11/103428,no_link,0,13,
2026-04-21 07:19:10,https://hinyan1016.hatenablog.com/entry/2025/09/15/072322,no_link,0,11,
2026-04-21 07:19:25,https://hinyan1016.hatenablog.com/entry/2025/09/16/123019,no_link,0,8,
2026-04-21 07:19:39,https://hinyan1016.hatenablog.com/entry/2025/09/28/065959,no_link,0,4,
2026-04-21 07:19:53,https://hinyan1016.hatenablog.com/entry/2025/10/01/090834,no_link,0,10,
2026-04-21 07:20:06,https://hinyan1016.hatenablog.com/entry/2025/10/01/114329,no_link,0,3,
2026-04-21 07:20:19,https://hinyan1016.hatenablog.com/entry/2025/10/02/115704,no_link,0,10,
2026-04-21 07:20:33,https://hinyan1016.hatenablog.com/entry/2025/10/04/092356,no_link,0,40,
2026-04-21 07:20:46,https://hinyan1016.hatenablog.com/entry/2025/10/05/201316,no_link,0,8,
2026-04-21 07:20:59,https://hinyan1016.hatenablog.com/entry/2025/10/08/083506,no_link,0,1,
2026-04-21 07:21:11,https://hinyan1016.hatenablog.com/entry/2025/10/09/101848,no_link,0,1,
2026-04-21 07:21:26,https://hinyan1016.hatenablog.com/entry/2025/10/12/123944,no_link,0,23,
2026-04-21 07:21:38,https://hinyan1016.hatenablog.com/entry/2025/10/16/110924,no_link,0,3,
2026-04-21 07:21:51,https://hinyan1016.hatenablog.com/entry/2025/10/19/050931,no_link,0,72,
2026-04-21 07:22:03,https://hinyan1016.hatenablog.com/entry/2025/10/19/224322,no_link,0,56,
2026-04-21 07:22:16,https://hinyan1016.hatenablog.com/entry/2025/10/21/104745,no_link,0,8,
2026-04-21 07:22:30,https://hinyan1016.hatenablog.com/entry/2025/10/22/102910,no_link,0,3,
2026-04-21 07:22:43,https://hinyan1016.hatenablog.com/entry/2025/10/24/061916,no_link,0,22,
2026-04-21 07:22:55,https://hinyan1016.hatenablog.com/entry/2025/10/27/194453,no_link,0,6,
2026-04-21 07:23:07,https://hinyan1016.hatenablog.com/entry/2025/10/30/095502,no_link,0,6,
2026-04-21 07:23:19,https://hinyan1016.hatenablog.com/entry/2025/11/02/122708,updated,2,1,2677596;38818241
2026-04-21 07:23:38,https://hinyan1016.hatenablog.com/entry/2025/11/05/115554,no_link,0,49,
2026-04-21 07:23:50,https://hinyan1016.hatenablog.com/entry/2025/11/11/114414,no_link,0,2,
2026-04-21 07:24:02,https://hinyan1016.hatenablog.com/entry/2025/11/14/155130,updated,15,14,31694402;24633881;32423317;38861698;27485817;31813354;15334879;34986652;38091540;24963566;24963567;38320511;31091372;30184459;24646875
2026-04-21 07:25:00,https://hinyan1016.hatenablog.com/entry/2025/11/18/062815,no_link,0,17,
2026-04-21 07:25:12,https://hinyan1016.hatenablog.com/entry/2025/11/19/050125,updated,2,9,32739995;23470793
2026-04-21 07:25:31,https://hinyan1016.hatenablog.com/entry/2025/11/20/085409,no_link,0,3,
2026-04-21 07:25:42,https://hinyan1016.hatenablog.com/entry/2025/11/30/082846,no_link,0,6,
2026-04-21 07:25:53,https://hinyan1016.hatenablog.com/entry/2025/12/02/195649,updated,8,2,38952132;35804462;38795271;36206989;38377018;40573225;15661417;36206989
2026-04-21 07:26:28,https://hinyan1016.hatenablog.com/entry/2025/12/03/061931,updated,1,8,20065130
2026-04-21 07:26:42,https://hinyan1016.hatenablog.com/entry/2025/12/03/122220,no_link,0,2,
2026-04-21 07:26:53,https://hinyan1016.hatenablog.com/entry/2025/12/03/144424,updated,4,2,41253248;28977392;6235797;36537174
2026-04-21 07:27:16,https://hinyan1016.hatenablog.com/entry/2025/12/04/185834,no_link,0,6,
2026-04-21 07:27:26,https://hinyan1016.hatenablog.com/entry/2025/12/05/144847,no_link,0,1,
2026-04-21 07:27:37,https://hinyan1016.hatenablog.com/entry/2025/12/05/150020,no_link,0,15,
2026-04-21 07:27:48,https://hinyan1016.hatenablog.com/entry/2025/12/05/192933,no_link,0,1,
2026-04-21 07:27:58,https://hinyan1016.hatenablog.com/entry/2025/12/07/105923,no_link,0,5,
2026-04-21 07:28:08,https://hinyan1016.hatenablog.com/entry/2025/12/08/044637,no_link,0,9,
2026-04-21 07:28:18,https://hinyan1016.hatenablog.com/entry/2025/12/08/153032,no_link,0,13,
2026-04-21 07:28:29,https://hinyan1016.hatenablog.com/entry/2025/12/09/102429,updated,7,7,12627188;26052150;29856155;30263304;26500584;33041752;33041752
2026-04-21 07:28:56,https://hinyan1016.hatenablog.com/entry/2025/12/11/040651,no_link,0,2,
2026-04-21 07:29:06,https://hinyan1016.hatenablog.com/entry/2025/12/11/090517,no_link,0,4,
2026-04-21 07:29:16,https://hinyan1016.hatenablog.com/entry/2025/12/12/170644,no_link,0,6,
2026-04-21 07:29:27,https://hinyan1016.hatenablog.com/entry/2025/12/12/234343,no_link,0,18,
2026-04-21 07:29:36,https://hinyan1016.hatenablog.com/entry/2025/12/15/171246,no_link,0,5,
2026-04-21 07:29:46,https://hinyan1016.hatenablog.com/entry/2025/12/16/152629,no_link,0,3,
2026-04-21 07:29:56,https://hinyan1016.hatenablog.com/entry/2025/12/18/184208,no_link,0,9,
2026-04-21 07:30:06,https://hinyan1016.hatenablog.com/entry/2025/12/20/182855,no_link,0,2,
2026-04-21 07:30:15,https://hinyan1016.hatenablog.com/entry/2025/12/21/213230,updated,2,5,38276084;32029539
2026-04-21 07:30:36,https://hinyan1016.hatenablog.com/entry/2025/12/21/213447,no_link,0,4,
2026-04-21 07:30:45,https://hinyan1016.hatenablog.com/entry/2025/12/21/223314,no_link,0,6,
2026-04-21 07:30:55,https://hinyan1016.hatenablog.com/entry/2025/12/22/082941,no_link,0,3,
2026-04-21 07:31:06,https://hinyan1016.hatenablog.com/entry/2025/12/22/142408,no_link,0,6,
2026-04-21 07:31:15,https://hinyan1016.hatenablog.com/entry/2025/12/23/125701,no_link,0,7,
2026-04-21 07:31:24,https://hinyan1016.hatenablog.com/entry/2025/12/23/144018,no_link,0,4,
2026-04-21 07:31:34,https://hinyan1016.hatenablog.com/entry/2025/12/24/134243,no_link,0,4,
2026-04-21 07:31:43,https://hinyan1016.hatenablog.com/entry/2025/12/25/130439,no_link,0,5,
2026-04-21 07:31:52,https://hinyan1016.hatenablog.com/entry/2025/12/28/074225,no_link,0,3,
2026-04-21 07:32:00,https://hinyan1016.hatenablog.com/entry/2025/12/28/085237,no_link,0,9,
2026-04-21 07:32:11,https://hinyan1016.hatenablog.com/entry/2025/12/29/171922,no_link,0,18,
2026-04-21 07:32:21,https://hinyan1016.hatenablog.com/entry/2025/12/30/060731,no_link,0,5,
2026-04-21 07:32:29,https://hinyan1016.hatenablog.com/entry/2026/01/02/180628,updated,3,2,35392118;31920737;36861019
2026-04-21 07:32:46,https://hinyan1016.hatenablog.com/entry/2026/01/02/182831,no_link,0,2,
2026-04-21 07:32:54,https://hinyan1016.hatenablog.com/entry/2026/01/02/222516,no_link,0,45,
2026-04-21 07:33:03,https://hinyan1016.hatenablog.com/entry/2026/01/06/021814,updated,1,5,15570646
2026-04-21 07:33:18,https://hinyan1016.hatenablog.com/entry/2026/01/10/024125,updated,2,16,31464773;25131982
2026-04-21 07:33:38,https://hinyan1016.hatenablog.com/entry/2026/01/12/223601,updated,8,6,25019381;32424287;12703651;16045394;12585811;36857342;33468644;20823223
2026-04-21 07:34:09,https://hinyan1016.hatenablog.com/entry/2026/01/13/174156,updated,1,15,30280641
2026-04-21 07:34:22,https://hinyan1016.hatenablog.com/entry/2026/01/13/234631,updated,1,8,33649021
2026-04-21 07:34:35,https://hinyan1016.hatenablog.com/entry/2026/01/17/093117,updated,7,4,19398682;29957667;31782407;18397299;24883336;16084694;14745072
2026-04-21 07:35:04,https://hinyan1016.hatenablog.com/entry/2026/01/21/111058,no_link,0,2,
2026-04-21 07:35:12,https://hinyan1016.hatenablog.com/entry/2026/01/22/085959,no_link,0,11,
2026-04-21 07:35:23,https://hinyan1016.hatenablog.com/entry/2026/01/27/012156,no_link,0,1,
2026-04-21 07:35:30,https://hinyan1016.hatenablog.com/entry/2026/01/28/111213,no_link,0,14,
2026-04-21 07:35:36,https://hinyan1016.hatenablog.com/entry/2026/01/29/083004,no_link,0,10,
2026-04-21 07:35:43,https://hinyan1016.hatenablog.com/entry/2026/01/30/025738,updated,2,13,38969474;31067370
2026-04-21 07:35:59,https://hinyan1016.hatenablog.com/entry/2026/01/30/030419,no_link,0,14,
2026-04-21 07:36:06,https://hinyan1016.hatenablog.com/entry/2026/02/10/115631,updated,1,23,3404161
2026-04-21 07:36:17,https://hinyan1016.hatenablog.com/entry/2026/02/12/010038,no_link,0,24,
2026-04-21 07:36:22,https://hinyan1016.hatenablog.com/entry/2026/02/12/102858,updated,6,3,10102423;11415912;40283540;26336950;11405815;10102423
2026-04-21 07:36:43,https://hinyan1016.hatenablog.com/entry/2026/02/17/101639,updated,39,23,33678577;34419933;34420211;29604050;35811431;26552573;35185515;23415937;34010226;33556620;26645965;33830503;32690786;30007420;32872355;34387987;32395709;16421561;32643187;25043179;28159625;25754450;22
2026-04-21 07:38:35,https://hinyan1016.hatenablog.com/entry/2026/02/24/083752,updated,2,16,16507066;26173288
2026-04-21 07:38:46,https://hinyan1016.hatenablog.com/entry/2026/03/03/043040,no_link,0,1,
2026-04-21 07:38:50,https://hinyan1016.hatenablog.com/entry/2026/03/05/183646,no_link,0,2,
2026-04-21 07:38:53,https://hinyan1016.hatenablog.com/entry/2026/03/07/042637,no_link,0,1,
2026-04-21 07:38:56,https://hinyan1016.hatenablog.com/entry/2026/03/19/210503,no_link,0,2,
2026-04-21 07:38:59,https://hinyan1016.hatenablog.com/entry/2026/03/27/201504,no_link,0,2,
2026-04-21 07:39:00,https://hinyan1016.hatenablog.com/entry/2026/03/30/185536,updated,1,2,16905753
2026-04-21 07:39:07,https://hinyan1016.hatenablog.com/entry/2026/04/03/214301,no_link,0,1,
2026-04-21 07:39:08,https://hinyan1016.hatenablog.com/entry/2026/04/04/073246,no_link,0,1,
2026-04-21 07:39:09,https://hinyan1016.hatenablog.com/entry/2026/04/14/200622,no_link,0,2,
