ts,url,status,linked,skipped
2026-04-21 09:26:54,https://hinyan1016.hatenablog.com/entry/2025/10/19/224322,no_link,0,56
2026-04-21 09:27:21,https://hinyan1016.hatenablog.com/entry/2025/12/29/171922,no_link,0,18
2026-04-21 09:27:37,https://hinyan1016.hatenablog.com/entry/2025/12/05/150020,no_link,0,15
2026-04-21 09:28:00,https://hinyan1016.hatenablog.com/entry/2025/11/18/062815,updated,1,16
2026-04-21 09:28:27,https://hinyan1016.hatenablog.com/entry/2026/01/28/111213,no_link,0,14
2026-04-21 09:28:41,https://hinyan1016.hatenablog.com/entry/2026/01/30/025738,no_link,0,13
2026-04-21 09:29:47,https://hinyan1016.hatenablog.com/entry/2026/02/24/083752,no_link,0,16
2026-04-21 09:30:05,https://hinyan1016.hatenablog.com/entry/2025/08/23/192749,no_link,0,11
2026-04-21 09:31:25,https://hinyan1016.hatenablog.com/entry/2025/09/11/103428,no_link,0,13
2026-04-21 09:32:16,https://hinyan1016.hatenablog.com/entry/2025/10/12/123944,no_link,0,23
2026-04-21 09:32:39,https://hinyan1016.hatenablog.com/entry/2026/01/30/030419,updated,1,13
2026-04-21 09:32:55,https://hinyan1016.hatenablog.com/entry/2025/09/04/122557,no_link,0,19
2026-04-21 09:33:26,https://hinyan1016.hatenablog.com/entry/2025/10/01/090834,no_link,0,10
2026-04-21 09:33:53,https://hinyan1016.hatenablog.com/entry/2026/02/10/115631,updated,1,22
2026-04-21 09:34:12,https://hinyan1016.hatenablog.com/entry/2025/09/03/130906,no_link,0,18
2026-04-21 09:34:44,https://hinyan1016.hatenablog.com/entry/2025/12/18/184208,no_link,0,9
2026-04-21 09:35:04,https://hinyan1016.hatenablog.com/entry/2025/12/28/085237,updated,1,8
2026-04-21 09:35:38,https://hinyan1016.hatenablog.com/entry/2025/08/23/150413,no_link,0,10
2026-04-21 09:36:15,https://hinyan1016.hatenablog.com/entry/2026/01/13/234631,updated,2,6
2026-04-21 09:36:46,https://hinyan1016.hatenablog.com/entry/2025/08/17/082426,no_link,0,9
2026-04-21 09:37:17,https://hinyan1016.hatenablog.com/entry/2025/08/23/163249,no_link,0,19
2026-04-21 09:37:49,https://hinyan1016.hatenablog.com/entry/2025/10/21/104745,updated,2,6
2026-04-21 09:38:29,https://hinyan1016.hatenablog.com/entry/2025/10/24/061916,updated,1,21
2026-04-21 09:38:58,https://hinyan1016.hatenablog.com/entry/2025/11/05/115554,no_link,0,49
2026-04-21 09:39:28,https://hinyan1016.hatenablog.com/entry/2026/01/10/024125,updated,2,14
2026-04-21 09:40:05,https://hinyan1016.hatenablog.com/entry/2026/01/29/083004,no_link,0,10
2026-04-21 09:40:16,https://hinyan1016.hatenablog.com/entry/2025/08/07/221658,updated,4,2
2026-04-21 09:41:14,https://hinyan1016.hatenablog.com/entry/2025/09/01/073533,no_link,0,21
2026-04-21 09:41:44,https://hinyan1016.hatenablog.com/entry/2025/09/09/073455,updated,2,5
2026-04-21 09:42:18,https://hinyan1016.hatenablog.com/entry/2025/09/16/123019,no_link,0,8
2026-04-21 09:42:43,https://hinyan1016.hatenablog.com/entry/2025/10/27/194453,no_link,0,6
2026-04-21 09:43:07,https://hinyan1016.hatenablog.com/entry/2025/11/30/082846,no_link,0,6
2026-04-21 09:43:34,https://hinyan1016.hatenablog.com/entry/2025/12/03/061931,no_link,0,8
2026-04-21 09:43:57,https://hinyan1016.hatenablog.com/entry/2025/12/04/185834,no_link,0,6
2026-04-21 09:44:24,https://hinyan1016.hatenablog.com/entry/2025/12/08/044637,no_link,0,9
2026-04-21 09:44:44,https://hinyan1016.hatenablog.com/entry/2026/01/12/223601,updated,1,5
2026-04-21 09:45:15,https://hinyan1016.hatenablog.com/entry/2026/01/22/085959,updated,1,10
2026-04-21 09:45:46,https://hinyan1016.hatenablog.com/entry/2025/08/14/122904,no_link,0,9
2026-04-21 09:46:23,https://hinyan1016.hatenablog.com/entry/2025/08/14/183023,updated,2,3
2026-04-21 09:47:26,https://hinyan1016.hatenablog.com/entry/2025/08/21/072820,no_link,0,31
2026-04-21 09:47:53,https://hinyan1016.hatenablog.com/entry/2025/10/30/095502,updated,1,5
2026-04-21 09:48:30,https://hinyan1016.hatenablog.com/entry/2025/12/09/102429,updated,1,6
2026-04-21 09:48:52,https://hinyan1016.hatenablog.com/entry/2025/12/21/213230,updated,4,1
2026-04-21 09:49:23,https://hinyan1016.hatenablog.com/entry/2025/12/21/223314,no_link,0,6
2026-04-21 09:49:38,https://hinyan1016.hatenablog.com/entry/2025/12/23/125701,no_link,0,7
2026-04-21 09:49:52,https://hinyan1016.hatenablog.com/entry/2025/12/30/060731,no_link,0,5
2026-04-21 09:50:06,https://hinyan1016.hatenablog.com/entry/2026/01/06/021814,updated,2,3
2026-04-21 09:50:40,https://hinyan1016.hatenablog.com/entry/2025/08/16/083402,no_link,0,4
2026-04-21 09:51:20,https://hinyan1016.hatenablog.com/entry/2025/09/06/052655,no_link,0,5
2026-04-21 09:51:49,https://hinyan1016.hatenablog.com/entry/2025/09/09/153332,no_link,0,4
2026-04-21 09:52:26,https://hinyan1016.hatenablog.com/entry/2025/10/05/201316,no_link,0,8
2026-04-21 09:53:09,https://hinyan1016.hatenablog.com/entry/2025/11/19/050125,updated,3,6
2026-04-21 09:53:45,https://hinyan1016.hatenablog.com/entry/2025/12/21/213447,no_link,0,4
2026-04-21 09:54:16,https://hinyan1016.hatenablog.com/entry/2025/12/23/144018,updated,1,3
2026-04-21 09:54:44,https://hinyan1016.hatenablog.com/entry/2025/12/25/130439,no_link,0,5
2026-04-21 09:54:59,https://hinyan1016.hatenablog.com/entry/2026/01/17/093117,updated,2,2
2026-04-21 09:55:31,https://hinyan1016.hatenablog.com/entry/2025/08/14/094039,no_link,0,3
2026-04-21 09:56:10,https://hinyan1016.hatenablog.com/entry/2025/08/17/063231,no_link,0,3
2026-04-21 09:56:39,https://hinyan1016.hatenablog.com/entry/2025/09/03/092938,no_link,0,6
2026-04-21 09:57:07,https://hinyan1016.hatenablog.com/entry/2025/09/07/062616,no_link,0,3
2026-04-21 09:57:44,https://hinyan1016.hatenablog.com/entry/2025/10/01/114329,no_link,0,3
2026-04-21 09:58:18,https://hinyan1016.hatenablog.com/entry/2025/10/19/050931,no_link,0,72
2026-04-21 09:58:49,https://hinyan1016.hatenablog.com/entry/2025/11/20/085409,updated,3,0
2026-04-21 09:59:17,https://hinyan1016.hatenablog.com/entry/2025/12/12/234343,no_link,0,18
2026-04-21 09:59:34,https://hinyan1016.hatenablog.com/entry/2025/12/24/134243,no_link,0,4
2026-04-21 09:59:52,https://hinyan1016.hatenablog.com/entry/2025/12/28/074225,no_link,0,3
2026-04-21 10:00:08,https://hinyan1016.hatenablog.com/entry/2026/02/12/102858,no_link,0,3
2026-04-21 10:00:23,https://hinyan1016.hatenablog.com/entry/2025/08/10/052804,no_link,0,2
2026-04-21 10:00:53,https://hinyan1016.hatenablog.com/entry/2025/08/28/190822,no_link,0,5
2026-04-21 10:01:21,https://hinyan1016.hatenablog.com/entry/2025/09/01/195249,updated,1,1
2026-04-21 10:01:54,https://hinyan1016.hatenablog.com/entry/2025/09/06/033840,no_link,0,2
2026-04-21 10:02:26,https://hinyan1016.hatenablog.com/entry/2025/09/06/050505,no_link,0,4
2026-04-21 10:02:51,https://hinyan1016.hatenablog.com/entry/2025/09/08/073648,no_link,0,3
2026-04-21 10:03:15,https://hinyan1016.hatenablog.com/entry/2025/09/09/023740,no_link,0,2
2026-04-21 10:03:40,https://hinyan1016.hatenablog.com/entry/2025/09/28/065959,no_link,0,4
2026-04-21 10:04:08,https://hinyan1016.hatenablog.com/entry/2025/10/02/115704,no_link,0,10
2026-04-21 10:04:31,https://hinyan1016.hatenablog.com/entry/2025/11/11/114414,no_link,0,2
2026-04-21 10:04:50,https://hinyan1016.hatenablog.com/entry/2025/12/02/195649,updated,1,1
2026-04-21 10:05:19,https://hinyan1016.hatenablog.com/entry/2025/12/03/144424,updated,2,0
2026-04-21 10:05:43,https://hinyan1016.hatenablog.com/entry/2025/12/07/105923,no_link,0,5
2026-04-21 10:06:01,https://hinyan1016.hatenablog.com/entry/2025/12/08/153032,no_link,0,13
2026-04-21 10:06:19,https://hinyan1016.hatenablog.com/entry/2025/12/11/040651,no_link,0,2
2026-04-21 10:06:37,https://hinyan1016.hatenablog.com/entry/2025/12/12/170644,no_link,0,6
2026-04-21 10:06:54,https://hinyan1016.hatenablog.com/entry/2025/12/15/171246,no_link,0,5
2026-04-21 10:07:12,https://hinyan1016.hatenablog.com/entry/2025/12/16/152629,no_link,0,3
2026-04-21 10:07:30,https://hinyan1016.hatenablog.com/entry/2025/12/20/182855,no_link,0,2
2026-04-21 10:07:46,https://hinyan1016.hatenablog.com/entry/2025/12/22/082941,no_link,0,3
2026-04-21 10:08:14,https://hinyan1016.hatenablog.com/entry/2026/01/02/180628,updated,2,0
2026-04-21 10:08:37,https://hinyan1016.hatenablog.com/entry/2026/01/02/182831,no_link,0,2
2026-04-21 10:08:53,https://hinyan1016.hatenablog.com/entry/2026/01/21/111058,no_link,0,2
2026-04-21 10:09:10,https://hinyan1016.hatenablog.com/entry/2026/03/05/183646,no_link,0,2
2026-04-21 10:09:19,https://hinyan1016.hatenablog.com/entry/2026/03/19/210503,no_link,0,2
2026-04-21 10:09:23,https://hinyan1016.hatenablog.com/entry/2026/03/30/185536,no_link,0,2
2026-04-21 10:09:32,https://hinyan1016.hatenablog.com/entry/2026/04/14/200622,no_link,0,2
2026-04-21 10:09:38,https://hinyan1016.hatenablog.com/entry/2025/08/18/071851,updated,1,1
2026-04-21 10:10:12,https://hinyan1016.hatenablog.com/entry/2025/08/19/213808,no_link,0,6
2026-04-21 10:10:48,https://hinyan1016.hatenablog.com/entry/2025/08/26/035806,no_link,0,1
2026-04-21 10:11:17,https://hinyan1016.hatenablog.com/entry/2025/09/02/033903,no_link,0,4
2026-04-21 10:11:46,https://hinyan1016.hatenablog.com/entry/2025/09/02/190716,no_link,0,2
2026-04-21 10:12:16,https://hinyan1016.hatenablog.com/entry/2025/09/15/072322,no_link,0,11
2026-04-21 10:12:43,https://hinyan1016.hatenablog.com/entry/2025/10/08/083506,no_link,0,1
2026-04-21 10:13:07,https://hinyan1016.hatenablog.com/entry/2025/10/09/101848,no_link,0,1
2026-04-21 10:13:34,https://hinyan1016.hatenablog.com/entry/2025/10/16/110924,no_link,0,3
2026-04-21 10:13:59,https://hinyan1016.hatenablog.com/entry/2025/10/22/102910,no_link,0,3
2026-04-21 10:14:22,https://hinyan1016.hatenablog.com/entry/2025/11/02/122708,no_link,0,1
2026-04-21 10:14:43,https://hinyan1016.hatenablog.com/entry/2025/12/03/122220,no_link,0,2
2026-04-21 10:15:04,https://hinyan1016.hatenablog.com/entry/2025/12/05/144847,no_link,0,1
2026-04-21 10:15:23,https://hinyan1016.hatenablog.com/entry/2025/12/05/192933,updated,1,0
2026-04-21 10:15:45,https://hinyan1016.hatenablog.com/entry/2025/12/11/090517,no_link,0,4
2026-04-21 10:16:04,https://hinyan1016.hatenablog.com/entry/2025/12/22/142408,no_link,0,6
2026-04-21 10:16:27,https://hinyan1016.hatenablog.com/entry/2026/01/02/222516,no_link,0,45
2026-04-21 10:16:41,https://hinyan1016.hatenablog.com/entry/2026/01/27/012156,no_link,0,1
2026-04-21 10:16:53,https://hinyan1016.hatenablog.com/entry/2026/03/03/043040,no_link,0,1
2026-04-21 10:17:00,https://hinyan1016.hatenablog.com/entry/2026/03/07/042637,no_link,0,1
2026-04-21 10:17:06,https://hinyan1016.hatenablog.com/entry/2026/03/27/201504,no_link,0,2
2026-04-21 10:17:08,https://hinyan1016.hatenablog.com/entry/2026/04/03/214301,no_link,0,1
2026-04-21 10:17:17,https://hinyan1016.hatenablog.com/entry/2026/04/04/073246,no_link,0,1
