timestamp,entry_id,title,status,detail
2026-04-14 20:49:53,17179246901376311807,お風呂で決まって意識を失う — 入浴てんかんの正体と安全対策を脳神経内科医が解説,skip,正常
2026-04-14 20:49:54,17179246901372000521,この頭痛、病院に行くべき？ ― 危険な頭痛の見分け方,skip,正常
2026-04-14 20:49:54,17179246901372000485,"お酒を飲むと記憶がなくなる理由 ― ""ブラックアウト""のメカニズムを脳神経内科医が解説",skip,正常
2026-04-14 20:49:55,17179246901372000480,利き手はなぜ決まるのか？ ― 脳の左右非対称と遺伝のしくみ,skip,正常
2026-04-14 20:49:55,17179246901374656842,OCEANIC-STROKE試験の衝撃 ― XIa因子阻害薬asundexianが脳梗塞二次予防を変える,skip,正常
2026-04-14 20:49:56,17179246901372000475,脳は「痛い」と感じない？ ― 脳神経内科医が解説する痛みの仕組みと頭痛の正体,skip,正常
2026-04-14 20:49:56,17179246901374895629,令和8年度診療報酬改定の全体像 ― +3.09%改定の内訳と医科の主要変更点を徹底解説,skip,正常
2026-04-14 20:49:57,17179246901374671149,【2026年4月】YouTube動画まとめ｜からだの不思議・鑑別診断・脳神経内科 - Hisajiチャンネル,skip,正常
2026-04-14 20:49:57,17179246901374646749,低活動性せん妄 ― 「静かなせん妄」を見逃さないための実践ガイド,skip,正常
2026-04-14 20:49:58,17179246901372000468,"デジャヴの正体を神経科学で解説 ― ""既視感""はなぜ起きるのか",skip,正常
2026-04-14 20:49:58,17179246901372000461,目がピクピクする ― 放置していいのか？ まぶたの痙攣を脳神経内科医が解説,skip,正常
2026-04-14 20:49:59,17179246901374206438,プライベートクレジット問題とは？ 3兆ドル市場の構造リスクと今後のシナリオをわかりやすく解説,skip,正常
2026-04-14 20:49:59,17179246901373914109,レベチラセタムの易刺激性・精神症状にビタミンB6は有効か？ エビデンス、使い方、ブリバラセタムとの選び分け,skip,正常
2026-04-14 20:50:00,17179246901372000415,寝てる時にビクッとなるのはなぜ？ ― 「入眠時ミオクローヌス」の正体,skip,正常
2026-04-14 20:50:00,17179246901372000400,なぜあくびはうつるのか？ ― ミラーニューロンと共感の脳科学,skip,正常
2026-04-14 20:50:01,17179246901373115344,片側性舞踏病（hemichorea）の鑑別・画像所見・治療を整理する,skip,正常
2026-04-14 20:50:01,17179246901371583942,めまいの種類を脳神経内科医が解説 ― 回転性・浮動性・立ちくらみの見分け方,skip,正常
2026-04-14 20:50:01,17179246901372662349,パーキンソン病患者のビタミンB6管理｜レボドパ/カルビドパ時代に「避ける」ではなく「評価して補う」,skip,正常
2026-04-14 20:50:02,17179246901371583924,「手がしびれて目が覚めた」の正体 ― 朝のしびれの原因と受診のタイミング,skip,正常
2026-04-14 20:50:02,17179246901371583907,片頭痛持ちが知っておくべき5つのこと ― 「我慢しない」ための知識,skip,正常
2026-04-14 20:50:03,17179246901371246445,小脳梗塞後のリハビリテーション：エビデンスに基づく回復戦略と最新治療【KOSCO・NIBS・DBS・VR】,skip,正常
2026-04-14 20:50:03,17179246901371022240,Tolosa-Hunt症候群（有痛性眼筋麻痺）：診断基準・鑑別診断・治療を徹底解説,skip,正常
2026-04-14 20:50:04,17179246901370833624,若年ミオクロニーてんかん（JME）― 見逃されやすい思春期てんかんの診断と最新治療戦略,skip,正常
2026-04-14 20:50:04,17179246901370893311,三叉神経痛 ― 神経内科医視点の鑑別診断と治療戦略,skip,正常
2026-04-14 20:50:05,17179246901370572474,日本人はどこから来たのか？ — 最新ゲノム解析が明かす三重構造モデルと私たちのDNA,skip,正常
2026-04-14 20:50:05,17179246901370554438,【2025-2026年】感染症の最新動向まとめ｜医療従事者が押さえるべき8つのトピック,skip,正常
2026-04-14 20:50:06,17179246901369996860,【完全版】細胞外液補充液の使い分け｜生食・リンゲル液を徹底比較,skip,正常
2026-04-14 20:50:06,17179246901369793776,ビタミンB12欠乏症の診断と治療【医療従事者向け総説】原因・症状・MMA/ホモシステイン・補充法を最新エビデンスで解説,skip,正常
2026-04-14 20:50:07,17179246901369554537,【全10回まとめ】外来で使える食事指導シリーズ｜疾患別の優先順位を整理,skip,正常
2026-04-14 20:50:07,17179246901369331318,低栄養・フレイル・複数疾患の食事指導｜制限しすぎないための優先順位,skip,正常
2026-04-14 20:50:08,17179246901369346953,消化管手術後の食事指導｜少量頻回と症状別対応の考え方,skip,正常
2026-04-14 20:50:08,17179246901369331339,嚥下障害の食事指導｜やわらかい食事が安全とは限らない,skip,正常
2026-04-14 20:50:08,17179246901369331334,肝臓病の食事指導｜脂肪肝と肝硬変を同じに扱わない,skip,正常
2026-04-14 20:50:09,17179246901369331329,腎臓病の食事指導｜塩分・たんぱく質・カリウムをどう考えるか,skip,正常
2026-04-14 20:50:09,17179246901369354617,肥満の食事指導｜我慢よりも崩れにくい食べ方を作る,skip,正常
2026-04-14 20:50:10,17179246901369331312,糖尿病の食事指導｜甘いものをやめるだけでは改善しない,skip,正常
2026-04-14 20:50:10,17179246901369330996,脂質異常症（高脂血症）の食事指導｜油を減らすだけでは不十分,skip,正常
2026-04-14 20:50:11,17179246901369327011,高血圧の食事指導｜減塩だけでは終わらない外来の基本,skip,正常
2026-04-14 20:50:11,17179246901369321894,食事指導は「何を禁止するか」ではなく「何を守るか」から始める,skip,正常
2026-04-14 20:50:12,17179246901369006509,甲状腺機能異常の鑑別診断 ─ TSH×FT4パターン分類と系統的アプローチ,skip,正常
2026-04-14 20:50:12,17179246901327094310,二日酔い対策ガイド：メカニズムから予防・対処法まで,skip,正常
2026-04-14 20:50:13,17179246901368742238,低栄養患者に「どんどん栄養を入れる」のは正しいか ― 再栄養症候群と急性期栄養管理の考え方,skip,正常
2026-04-14 20:50:13,17179246901368702300,前庭神経炎 ― 脳卒中を除外しながら考える急性めまいの臨床診断,skip,正常
2026-04-14 20:50:14,17179246901368126684,YouTube動画 特集 ─ 鑑別診断シリーズ & 医学教育コンテンツ,skip,正常
2026-04-14 20:50:14,17179246901368051004,意識消失発作（TLOC）の鑑別診断 — 失神・てんかん・PNESを見極める系統的アプローチ,skip,正常
2026-04-14 20:50:14,17179246901367959744,貧血の鑑別診断 ─ MCV分類と8ステップで系統的に迫る,skip,正常
2026-04-14 20:50:15,17179246901367798523,肝機能障害（トランスアミナーゼ上昇）の鑑別診断 ─ 7ステップで系統的に迫る,skip,正常
2026-04-14 20:50:15,17179246901367138398,高カルシウム血症の鑑別診断：PTHを軸にした実践的アプローチ,skip,正常
2026-04-14 20:50:16,17179246901367041186,不明熱（FUO）の鑑別：病型・病因群・PDCで進める実践的アプローチ,skip,正常
2026-04-14 20:50:16,17179246901366732794,パーキンソン病における誤嚥性肺炎：早期から予測し、予防する合併症,skip,正常
2026-04-14 20:50:17,17179246901366726390,歩行障害・協調運動障害の鑑別診断｜神経診察で局在を絞る実践的アプローチ,skip,正常
2026-04-14 20:50:17,17179246901366027709,急性胸痛の鑑別診断：まず危険なものから外す実践的アプローチ,skip,正常
2026-04-14 20:50:18,17179246901365687036,正座から立ち上がると、なぜクラッとするのか ― 立ちくらみが起こる理由と、気をつけたいサイン,skip,正常
2026-04-14 20:50:18,17179246901365568074,呼吸困難（息切れ）の鑑別診断：重症度・時間経過・病態群で組み立てる実践的アプローチ,skip,正常
2026-04-14 20:50:19,17179246901365092569,意識障害の鑑別：局在・病態・時間軸で整理する実践的アプローチ,skip,正常
2026-04-14 20:50:19,17179246901365023443,めまいの鑑別：時間経過・誘因・眼球運動から組み立てる実践的アプローチ,skip,正常
2026-04-14 20:50:20,17179246901365016347,頭痛の鑑別 ── 二次性頭痛を先に拾い、一次性頭痛を積極的に診断する,skip,正常
2026-04-14 20:50:20,17179246901364310352,動物園のゾウはどうやって運ぶのか！？,skip,正常
2026-04-14 20:50:21,17179246901363991053,自己免疫疾患CAR-Tの全体像  ：神経内科医のための整理,skip,正常
2026-04-14 20:50:21,17179246901363689098,全身浮腫の鑑別診断 — 系統的アプローチ,skip,正常
2026-04-14 20:50:21,17179246901363557917,EAN 2024ガイドライン（発表は2026年）：無症候性・乏症候性高CK血症の診断アプローチ,skip,正常
2026-04-14 20:50:22,17179246901363135229,レカネマブ投与を検討していた高齢者で心房細動（Af）が見つかったらどうするか,skip,正常
2026-04-14 20:50:22,17179246901362915025,帯状疱疹は「皮膚の病気」ではない ― 神経障害の全体像を理解する,skip,正常
2026-04-14 20:50:23,17179246901362344716,エーリッヒ・フロム『愛するということ』をわかりやすく読む — 愛は「気持ち」ではなく「育てる力」である,skip,正常
2026-04-14 20:50:23,17179246901362390549,五十肩の非薬物療法 ― 外来で使える実践ガイド,skip,正常
2026-04-14 20:50:24,17179246901361733683,Claude4.6opus(claude code)にきいてみた【幸福とは何か──「いい人生」を自分の言葉で語るために】,skip,正常
2026-04-14 20:50:24,17179246901361217842,外傷・術後の抗てんかん薬：いつ始めて、いつ止めるか,skip,正常
2026-04-14 20:50:25,17179246901361211386,くも膜嚢胞（Arachnoid Cyst）の臨床総説 — 定義・疫学・病態生理・治療・再発,skip,正常
2026-04-14 20:50:25,17179246901361012443,めまいに有効な「前庭リハビリ」とは何か ― 脳神経内科医が知っておくべき基本と実践 ―,skip,正常
2026-04-14 20:50:26,17179246901360758546,脳神経内科医がよく遭遇する「誤解」10選 — 外来で何度も説明すること,skip,正常
2026-04-14 20:50:26,17179246901360752701,脳神経内科医がよく遭遇する「漫然検査」10選 — その検査、本当に必要ですか？,skip,正常
2026-04-14 20:50:26,17179246901360743608,脳神経内科医がよく遭遇する「漫然処方薬」10選 — その薬、本当に必要ですか？,skip,正常
2026-04-14 20:50:27,17179246901360741954,脳循環代謝改善薬は本当に必要か？ ― 脳梗塞慢性期で「漫然投与」を見直すための実践ガイド,skip,正常
2026-04-14 20:50:27,17179246901360681993,日本で使える花粉症の抗アレルギー薬ガイド（2026年3月時点）,skip,正常
2026-04-14 20:50:28,17179246901360547433,花粉症なのに果物で口がかゆい？ ― 花粉食物アレルギー症候群（PFAS）をわかりやすく解説 ―,skip,正常
2026-04-14 20:50:28,17179246901360420481,【やさしく解説】個人情報保護法の「3年ごと見直し」で何が変わる？ ― 2026年1月の制度改正方針を徹底解説,skip,正常
2026-04-14 20:50:29,17179246901360322442,眼瞼けいれん（ブレファロスパズム）の実践的総説,skip,正常
2026-04-14 20:50:29,17179246901360317705,急性期病院から回復期リハビリ・療養型病院への転院時における抗てんかん薬切替の総合分析,skip,正常
2026-04-14 20:50:30,17179246901359990374,受精卵への遺伝子編集――医療の福音か、人類への問いかけか,skip,正常
2026-04-14 20:50:30,17179246901359809975,「誰を助けるか」を問い直す ― 医療費48兆円時代の資源配分論,skip,正常
2026-04-14 20:50:31,17179246901359623374,【徹底解説】救急・集中治療における生命維持治療の終了／差し控えに関する4学会合同ガイドライン（パブリックコメント版）,skip,正常
2026-04-14 20:50:31,17179246901359269935,金縛り（睡眠麻痺）を脳神経内科医が医学的に解説：怖いけれど、多くは「病気ではない」現象です,skip,正常
2026-04-14 20:50:32,17179246901359257390,ブリーバラセタム静注製剤（ブリィビアクト静注25mg）徹底解説 ── 臨床・薬学的視点から,skip,正常
2026-04-14 20:50:32,17179246901358893752,脳神経領域の線維芽細胞と線維性瘢痕が面白い理由と再生医療への応用,skip,正常
2026-04-14 20:50:33,17179246901358722615,脳のミクログリアって何？ ─ 少し深掘り,skip,正常
2026-04-14 20:50:33,17179246901358720741,アドレノメデュリン（AM）と脳神経領域への応用 ― 血管を守るペプチドの可能性,skip,正常
2026-04-14 20:50:34,17179246901358672989,仕事の疲れをとる「エビデンスのある方法」 ― 忙しい医療者にも実践可能な、科学的に支持された回復戦略 ―,skip,正常
2026-04-14 20:50:34,17179246901358597003,メトホルミンの糖尿病治療以外の用途に関する最新エビデンスと臨床応用可能性（2026年2月時点）,skip,正常
2026-04-14 20:50:35,17179246901358281594,宇宙医学の最前線,skip,正常
2026-04-14 20:50:35,17179246901358095947,寝違え（急性頸部痛・寝違え症候群）の医学的解説と安全な対処法,skip,正常
2026-04-14 20:50:36,17179246901357937383,人間ドックの検査項目：費用対効果が高い検査の見極めと、これから注目される技術,skip,正常
2026-04-14 20:50:36,17179246901357932477,受験本番直前にできること：前日・当日の実務チェックガイド,skip,正常
2026-04-14 20:50:36,17179246901357886856,頭痛の非薬物療法：生活習慣の改善で頭痛をコントロールする,skip,正常
2026-04-14 20:50:37,17179246901357662017,花粉症治療の最新動向【統合版】,skip,正常
2026-04-14 20:50:37,17179246901357512729,新規抗うつ薬ザズベイ®（ズラノロン）：GABA作動性という新たなアプローチ,skip,正常
2026-04-14 20:50:38,17179246901357501275,治らない神経疾患の告知戦略：絶望を希望へと昇華させる対話の極意,skip,正常
2026-04-14 20:50:38,17179246901356446612,てんかんに対するVNS・DBS・RNS治療を「機序」と「エビデンス」から解説,skip,正常
2026-04-14 20:50:39,17179246901356436861,てんかんにおける食事療法の実際 ― ケトン食・修正アトキンス食・低GI食の位置づけ ―,skip,正常
2026-04-14 20:50:39,17179246901356340034,🌸 華道入門ガイド ― 歴史・流派・用具・生け方・学び方を初心者向けに,skip,正常
2026-04-14 20:50:40,17179246901356287929,医療安全活動を成功させる方法,skip,正常
2026-04-14 20:50:40,17179246901356113581,"「日本の金を売れば財政が良くなる？」──国家の""最後の保険""としての金準備を考える",skip,正常
2026-04-14 20:50:41,17179246901355301082,    ドラマのような記憶喪失は本当にあるのか？ ― 脳神経内科医が臨床経験から考える ― ,skip,正常
2026-04-14 20:50:41,17179246901354967057,成人NF1治療薬の最新動向と展望,skip,正常
2026-04-14 20:50:42,17179246901354966902,パーキンソン病とは？ ― 症状・原因・治療を専門医がやさしく解説 ―,skip,正常
2026-04-14 20:50:42,17179246901354626499,「3億円の薬」は本当に効くのか？― DMD遺伝子治療エレビジスのエビデンスを読み解く,skip,正常
2026-04-14 20:50:43,17179246901354345370,バレンタインデーとは何か？ ― 欧米と日本の違いから見える文化の違い ―,skip,正常
2026-04-14 20:50:43,17179246901353786097,てんかん発作を見たらどうする？ ― 専門医が教える「正しい対応」と「やってはいけないこと」 ―,skip,正常
2026-04-14 20:50:43,17179246901353799055,認知症とは？ ― 症状・原因・受診の目安、そして最新治療まで専門医がやさしく解説,skip,正常
2026-04-14 20:50:44,17179246901353671997,焦点性てんかん重積状態の急性期から亜急性期におけるMRI所見 ― DWIとASLを中心に,skip,正常
2026-04-14 20:50:44,17179246901353584747,アルツハイマー型認知症のバイオマーカー総説 ─ 2024–2025年の診断・治療実装を中心に,skip,正常
2026-04-14 20:50:45,17179246901353299724,放射性ヨウ素SPECT検査における甲状腺ブロックまとめ,skip,正常
2026-04-14 20:50:45,17179246901352983939,低体温症総説 ― 原因・重症度分類・意識障害・予防・治療,skip,正常
2026-04-14 20:50:46,17179246901352864770,認知機能検査で不合格になった高齢運転者に関して：「第1分類」患者への診察と対応ガイド,skip,正常
2026-04-14 20:50:46,17179246901352855455,高齢者の難聴には補聴器を – 生活の質と認知機能を守るために,skip,正常
2026-04-14 20:50:47,17179246901352733780,"一過性全健忘（Transient Global Amnesia, TGA）とは",skip,正常
2026-04-14 20:50:47,17179246901352501896,2026年2月初旬 インフルエンザ流行状況と対策【特にB型の動向】,skip,正常
2026-04-14 20:50:48,17179246901352271304,高齢者の手の震え – 原因の見分け方と対処法を専門医が解説,skip,正常
2026-04-14 20:50:48,17179246901352271019,脳神経内科に行くべき症状とは？〜見逃せないサインと受診のポイント,skip,正常
2026-04-14 20:50:49,17179246901351759548,パーキンソン病における脳深部刺激療法（DBS）と集束超音波治療（FUS）,skip,正常
2026-04-14 20:50:49,17179246901351758543,医師免許の取消・医業停止処分：最新事例と医師が留意すべきポイント,skip,正常
2026-04-14 20:50:50,17179246901351757567,薬を飲んで吐いてしまったとき、追加で薬を飲むべきか？,skip,正常
2026-04-14 20:50:50,17179246901351443759,内科外来で患者から信頼を得る初診・再診対応ガイド,skip,正常
2026-04-14 20:50:51,17179246901351285302,肺炎球菌性細菌性髄膜炎 – 総説,skip,正常
2026-04-14 20:50:51,17179246901351230507,成人薬剤抵抗性てんかんに対するModified Atkins Diet（MAD）の臨床的意義と実装ポイント,skip,正常
2026-04-14 20:50:52,17179246901350949128,視神経炎の評価：非眼科医にもわかる多面的アプローチ,skip,正常
2026-04-14 20:50:52,17179246901350899544,岡田茂吉の思想と新宗教の概要 ― 浄霊・自然農法・芸術の三本柱と継承教団,skip,正常
2026-04-14 20:50:53,17179246901350701194,高度認知症・寝たきり患者で「フルコード」を求められたとき――看取りにつながる病状説明の実践ガイド,skip,正常
2026-04-14 20:50:53,17179246901350576746,2026年2月にOTC化された緊急避妊薬「ノルレボ」の専門解説,skip,正常
2026-04-14 20:50:54,17179246901350566427,ベンゾジアゼピン離脱症状とその対策：医療従事者向けガイド,skip,正常
2026-04-14 20:50:54,17179246901350549272,胃全摘術後の栄養不良：栄養素別の病態と対応策,skip,正常
2026-04-14 20:50:55,17179246901350480528, 薬剤性パーキンソニズムの見落とし防止とロングアクティング抗精神病薬の留意点 ,skip,正常
2026-04-14 20:50:55,17179246901350272794,運転免許証の「○トン限定」と運転できるトラックの違い【2026年最新情報】,skip,正常
2026-04-14 20:50:56,17179246901350081715,めまいは脳の病気か耳の病気か？中高年に多いめまいを徹底解説,skip,正常
2026-04-14 20:50:56,17179246901350030110,脳卒中とTIAの基礎知識・症状・受診の目安・緊急対応ポイント,skip,正常
2026-04-14 20:50:56,17179246901349993782,日本の財政は破綻するのか？バランスシートで見えてくる真実,skip,正常
2026-04-14 20:50:57,17179246901349841199,高齢者の物忘れと認知症：違い・初期症状・受診と検査のポイント,skip,正常
2026-04-14 20:50:57,17179246901349123042,てんかん発作との鑑別診断,skip,正常
2026-04-14 20:50:58,17179246901349344320,顔面肩甲上腕型筋ジストロフィー（FSHD）総説,skip,正常
2026-04-14 20:50:58,17179246901349253046,眠くなくても、睡眠時間を一定以上確保すべきか？,skip,正常
2026-04-14 20:50:59,17179246901349122669,ニパウイルス感染症：医療従事者向け包括的解説,skip,正常
2026-04-14 20:50:59,17179246901348807854,"「うすくち醤油のほうが塩分が高い」—見た目に反する""合理的な設計""を深掘りする",skip,正常
2026-04-14 20:51:00,17179246901348565858,2026年版AHA/ASA急性期脳梗塞治療ガイドラインの概要と改訂ポイント,skip,正常
2026-04-14 20:51:00,17179246901348485024,神経痛性筋萎縮症（Parsonage–Turner症候群）,skip,正常
2026-04-14 20:51:01,17179246901348385025,ワーファリン vs DOAC：結局どちらが「得」か？,skip,正常
2026-04-14 20:51:01,17179246901348262454,Long COVID（コロナ後遺症）の神経症状：メカニズムから最新治療まで,skip,正常
2026-04-14 20:51:02,17179246901348165695,日本の税制の最適解：2026年以降の社会・経済環境を踏まえて,skip,正常
2026-04-14 20:51:02,17179246901348049040,エンレストはなぜ心不全では「分2」が必須で、高血圧では「分1」でよいのか,skip,正常
2026-04-14 20:51:03,17179246901348018287,日本におけるベンゾジアゼピン多用と見直しに関する解説,skip,正常
2026-04-14 20:51:03,17179246901347483059,嗅覚と認知症の関係 — 匂いが語る脳の変化,skip,正常
2026-04-14 20:51:04,17179246901347248619,紙巻きタバコ vs 電子タバコ：健康への影響をエビデンスで読み解く,skip,正常
2026-04-14 20:51:04,17179246901347083356,70代後半・白髪・薄毛なしの男性に、ミノキシジル外用は「意味がある」のか？―患者側の素朴な疑問を、エビデンスと添付文書から整理してみた―,skip,正常
2026-04-14 20:51:05,17179246901347076045,妊娠と片頭痛の治療：急性期治療と予防療法,skip,正常
2026-04-14 20:51:05,17179246901347038830,橈骨神経麻痺（Radial Nerve Palsy）について、生活指導も含めて解説,skip,正常
2026-04-14 20:51:06,17179246901346665661,多発性骨髄腫の最新治療と予後改善 ～20年間の進歩を振り返る～,skip,正常
2026-04-14 20:51:06,17179246901346530301,スマホを使う人は本当にボケにくいのか？医師が認知症予防の観点から解説,skip,正常
2026-04-14 20:51:07,17179246901346510163,車酔い（動揺病・乗り物酔い）について、医師が分かりやすく解説！,skip,正常
2026-04-14 20:51:07,17179246901346153458,良性成人型家族性ミオクローヌスてんかん（BAFME）総説,skip,正常
2026-04-14 20:51:08,17179246901346152755,神経核内封入体病（NIID）の最新解説：疫学から病態、診断、治療まで,skip,正常
2026-04-14 20:51:08,17179246901346062772,2026年1月20日時点 日本全国のインフルエンザ流行状況,skip,正常
2026-04-14 20:51:09,17179246901345922590,筋強直性ジストロフィー（Myotonic Dystrophy）の概要と未来の治療,skip,正常
2026-04-14 20:51:09,17179246901345707168,後頭神経痛の生活指導：再発を減らすための「姿勢・首肩の負荷・睡眠」マネジメント,skip,正常
2026-04-14 20:51:10,17179246901344826231,"妊娠でだけ発作が出るLTG症例：血中濃度が""1/3""になる人をどう守るか",skip,正常
2026-04-14 20:51:10,17179246901344817682,カルバマゼピンの薬物相互作用：機序・臨床意義と対策,skip,正常
2026-04-14 20:51:11,17179246901344638809,三叉神経痛と口腔セネストパチーの鑑別,skip,正常
2026-04-14 20:51:11,17179246901344590421,上肢筋力低下に関する身体障害者手帳認定基準の解説,skip,正常
2026-04-14 20:51:11,17179246901344443635,VO₂max（最大酸素摂取量）の医学的意義と測定・改善ガイド,skip,正常
2026-04-14 20:51:12,17179246901344397121,医学と関係ない動画まとめ,skip,正常
2026-04-14 20:51:12,17179246901344279632,科学技術力で中国を侮ることの危険性,skip,正常
2026-04-14 20:51:13,17179246901344226997,てんかんの移行期医療の重要性と現状,skip,正常
2026-04-14 20:51:13,17179246901344144732,ゾシン（ピペラシリン・タゾバクタム）解説,skip,正常
2026-04-14 20:51:14,17179246901344136137,セフォタキシム：基礎から臨床までの総合解説,skip,正常
2026-04-14 20:51:14,17179246901343867124,セフトリアキソン：基礎から実臨床までの詳細ガイド,skip,正常
2026-04-14 20:51:15,17179246901343865131,アンピシリン・スルバクタム（スルバシリン®）総合解説 ～基礎から臨床まで～,skip,正常
2026-04-14 20:51:15,17179246901343668746,自己免疫性脳炎後てんかんにおける治療終了戦略,skip,正常
2026-04-14 20:51:16,17179246901343667495,後縦靱帯骨化症（OPLL）とは,skip,正常
2026-04-14 20:51:16,17179246901343661974,肝硬変による胸水（肝性胸水）の特徴と治療,skip,正常
2026-04-14 20:51:17,17179246901343593695,肺癌化学療法の進歩（2006–2026）：非小細胞肺癌と小細胞肺癌の20年の歩み,skip,正常
2026-04-14 20:51:17,17179246901343507627,HV・EV・PHVの環境性能比較（日本の電力事情を踏まえて10年間使用時）,skip,正常
2026-04-14 20:51:18,17179246901343452085,生きがい探しの完全ガイド：科学的根拠と実践的ステップで見つける、あなただけの「人生の羅針盤」,skip,正常
2026-04-14 20:51:18,17179246901343401968,なぜ「普通の日々」が、幸福の答えなのか？——科学と哲学が解き明かす、ありふれた日常の価値,skip,正常
2026-04-14 20:51:19,17179246901343094112,冬に屋根を開けて走るオープンカーが意外と暖かい理由,skip,正常
2026-04-14 20:51:19,17179246901343085389,地球温暖化の実態：最新の科学と社会動向,skip,正常
2026-04-14 20:51:20,17179246901342961526,電気自動車は本当に環境に良い選択か？総合的な考察,skip,正常
2026-04-14 20:51:20,17179246901342692357,日本における信者数上位10宗教（新宗教を含む）,skip,正常
2026-04-14 20:51:21,17179246901342149412,トランプ大統領が66の国際機関から米国脱退を指示 – 何が起きたのか？,skip,正常
2026-04-14 20:51:21,17179246901342210426,高脂血症治療の最新知見 ～LDLとTG、それぞれへのアプローチ～,skip,正常
2026-04-14 20:51:22,17179246901341866949,2026年最新・てんかん診療アップデート ～非専門医が知っておくべきポイント～,skip,正常
2026-04-14 20:51:22,17179246901341707297,医療従事者が知っているべき「高血圧」解説（日本の疫学＋JSH2025の考え方）,skip,正常
2026-04-14 20:51:22,17179246901341781580,高齢者のインフルエンザで言動がおかしいのは、脳症ではなく「せん妄」であることが多い,skip,正常
2026-04-14 20:51:23,17179246901341322136,ベネズエラ：チャベスからマドゥロまで – 反米革命とその行方,skip,正常
2026-04-14 20:51:23,17179246901341100178,周術期抗血栓薬管理と脳梗塞予防：外科からの相談に答える実践ガイド,skip,正常
2026-04-14 20:51:24,17179246901340992606,腓骨神経麻痺と日常生活：転倒予防と生活の工夫,skip,正常
2026-04-14 20:51:24,17179246901340991340,高尿酸血症と薬物治療,skip,正常
2026-04-14 20:51:25,17179246901340907742,MRI検査と閉所恐怖症への対応・鎮静管理 総説,skip,正常
2026-04-14 20:51:25,17179246901340211688,レアアース供給を巡る中国の存在感：,skip,正常
2026-04-14 20:51:26,17179246901339599588,救急搬送後24時間以内の死亡＝必ず警察？｜異状死届出の考え方（医師向け）,skip,正常
2026-04-14 20:51:26,17179246901339594096,外見自己評価（ボディイメージ）とメンタルヘルスの関係,skip,正常
2026-04-14 20:51:27,17179246901339033871,医学に直接関係のない最近の動画まとめ,skip,正常
2026-04-14 20:51:27,17179246901338841695,境界領域の患者は誰が主担当？──総合病院あるあるをAI 4種に聞いてみた,skip,正常
2026-04-14 20:51:28,17179246901338796172,りんご飴を「きれいに切る」コツ完全ガイド,skip,正常
2026-04-14 20:51:28,17179246901338462562,腸内ガス（おなら）のにおいの原因：医学的メカニズムと対策,skip,正常
2026-04-14 20:51:29,17179246901338123567,JR「大回り乗車（大都市近郊区間内特例）」のルール解説,skip,正常
2026-04-14 20:51:29,17179246901337954405,生成AIの規制・著作権・責任問題をめぐる論点整理,skip,正常
2026-04-14 20:51:30,17179246901337799758,医療従事者のための性的指向・性嗜好・パラフィリアの理解と対応,skip,正常
2026-04-14 20:51:30,17179246901337705748,原発再稼働の論点整理：リスク・コスト・代替手段を比較,skip,正常
2026-04-14 20:51:30,17179246901337698996,防衛費増額と財源：抑止力強化 vs 財政負担,skip,正常
2026-04-14 20:51:31,17179246901337688185,移民・外国人労働者受け入れの前提知識を学ぶ,skip,正常
2026-04-14 20:51:31,17179246901337669419,選択的夫婦別姓をめぐる論点整理,skip,正常
2026-04-14 20:51:32,17179246901337461359,2025年版：アトピー性皮膚炎の外用治療ガイド ～20年でここまで進歩しました！～,skip,正常
2026-04-14 20:51:32,17179246901337106108,サウナ・温冷交代浴の科学：「整う」感覚のメカニズムと健康への影響,skip,正常
2026-04-14 20:51:33,17179246901336609318,神経梅毒（Neurosyphilis）：疫学から治療・フォローアップまで,skip,正常
2026-04-14 20:51:33,17179246901336497802,繰り返される頭部衝撃の長期影響：認知機能低下とパーキンソニズムに関する最新エビデンス,skip,正常
2026-04-14 20:51:34,17179246901336545047,急性腎不全（AKI）の鑑別と初期対応 —腎臓専門でない内科医のための実践ガイド—,skip,正常
2026-04-14 20:51:34,17179246901336153748,出血性脳梗塞を伴う心原性脳塞栓症：抗凝固療法開始の考え方,skip,正常
2026-04-14 20:51:35,17179246901335329435,観念運動失行（Ideomotor Apraxia）：概念・病態・診察法の総説,skip,正常
2026-04-14 20:51:35,17179246901335708194,日本の世代別解説：団塊世代からZ世代・α世代まで,skip,正常
2026-04-14 20:51:36,17179246901335470335,「割のいいギャンブル」は存在するのか？還元率から見る各ギャンブルの真実,skip,正常
2026-04-14 20:51:36,17179246901333747979,茶道入門：歴史から流派の違い・お茶会の楽しみ方まで,skip,正常
2026-04-14 20:51:37,17179246901333375839,半固形剤、ラコールからイノソリッドへ,skip,正常
2026-04-14 20:51:37,17179246901333268906,人生は何で決まる？遺伝・環境・努力の真実を科学する,skip,正常
2026-04-14 20:51:38,17179246901333182163,勉強をするのは何のためか――人生の問いをChatGPT5.2pro extended thinkingにきく,skip,正常
2026-04-14 20:51:38,17179246901332868306,フィッシング詐欺メールの見分け方：騙されないための実践チェックリスト,skip,正常
2026-04-14 20:51:39,17179246901330689579,成人の感覚性ポリニューロパチーの鑑別診断,skip,正常
2026-04-14 20:51:39,17179246901330493774,GABAサプリメントのエビデンス：ストレス・睡眠・血圧への効果を科学的に検証,skip,正常
2026-04-14 20:51:40,17179246901330225698,静脈血栓塞栓症（VTE）のリスク評価 – 2025年改訂ガイドラインに基づく対象別アプローチ,skip,正常
2026-04-14 20:51:40,17179246901329033069,【実践】パーキンソン病患者のせん妄：評価から治療まで ─ 経口摂取不可時の対応を含めて,skip,正常
2026-04-14 20:51:40,17179246901328103149,ビタミンB12欠乏症：診断と治療の体系的アプローチ,skip,正常
2026-04-14 20:51:41,17179246901328059605,ドパミンアゴニスト離脱症候群（DAWS）：パーキンソン病治療における「諸刃の剣」,skip,正常
2026-04-14 20:51:41,17179246901327800215,2025年12月時点でのインフルエンザ流行状況とその特徴,skip,正常
2026-04-14 20:51:42,17179246901327594122,意識消失発作と「いびき」― 失神とてんかんをどう見分けるか,ok,https://hinyan1016.hatenablog.com/entry/2025/12/01/201733
2026-04-14 20:51:44,17179246901327582937,尺骨神経障害の生活指導 ―肘部管症候群・ギオン管症候群を中心に―,ok,https://hinyan1016.hatenablog.com/entry/2025/12/01/194131
2026-04-14 20:51:46,17179246901326432779,群発頭痛の診断と治療【2025年最新版】,ok,https://hinyan1016.hatenablog.com/entry/2025/11/28/211119
2026-04-14 20:51:48,17179246901326420247,脊髄小脳変性症のリハビリテーション：ガイドラインと最新エビデンスに基づく初期指導,ok,https://hinyan1016.hatenablog.com/entry/2025/11/28/202940
2026-04-14 20:51:50,17179246901325789555,GLP-1受容体作動薬は膵臓を疲弊させるのか？最新エビデンスまとめ,ok,https://hinyan1016.hatenablog.com/entry/2025/11/27/093345
2026-04-14 20:51:53,17179246901325244543,不顕性誤嚥と逆流性誤嚥における神経学的・消化器学的クロストーク：脳神経内科医のための包括的マネジメントと治療戦略,ok,https://hinyan1016.hatenablog.com/entry/2025/11/25/201026
2026-04-14 20:51:55,17179246901325039144,"ゲーム課金が止まらない「本当の理由」とは？意志力に頼らず""沼""から抜け出す5つの科学的戦略",ok,https://hinyan1016.hatenablog.com/entry/2025/11/25/091008
2026-04-14 20:51:57,17179246901324959135,なぜか人生が楽な人が実践している「鈍感力」という最強スキル,ok,https://hinyan1016.hatenablog.com/entry/2025/11/25/030708
2026-04-14 20:51:59,17179246901323298991,「病院でスマホは禁止」はもう古い？医療現場の電波事情と本当に気をつけるべき現代のリスク,ok,https://hinyan1016.hatenablog.com/entry/2025/11/20/123541
2026-04-14 20:52:01,17179246901322893727,医学的に正しい入浴法：疲労回復と快眠のための完全ガイド,ok,https://hinyan1016.hatenablog.com/entry/2025/11/19/063658
2026-04-14 20:52:03,17179246901317914306,日本の紅葉：色づくメカニズムと気候・地域差の科学的解説,ok,https://hinyan1016.hatenablog.com/entry/2025/11/13/121514
2026-04-14 20:52:04,17179246901317824028,加齢臭とは何か:原因と対策の総説,ok,https://hinyan1016.hatenablog.com/entry/2025/11/13/092759
2026-04-14 20:52:07,17179246901317023217,救急外来でのてんかん発作対応,ok,https://hinyan1016.hatenablog.com/entry/2025/11/12/074125
2026-04-14 20:52:09,17179246901315709379,コラージュフルフルとは：抗真菌成分配合の低刺激性ヘア・ボディケアシリーズ,ok,https://hinyan1016.hatenablog.com/entry/2025/11/10/084626
2026-04-14 20:52:11,17179246901312381021,2025年インフルエンザ流行状況：早期流行の傾向と対策,ok,https://hinyan1016.hatenablog.com/entry/2025/11/05/165406
2026-04-14 20:52:13,17179246901312220045,多発脳神経障害の鑑別と診断アプローチ,ok,https://hinyan1016.hatenablog.com/entry/2025/11/05/115554
2026-04-14 20:52:15,17179246901310649451,沼・池・湖・潟の違いを自然地理学の視点から解説,ok,https://hinyan1016.hatenablog.com/entry/2025/11/02/184932
2026-04-14 20:52:17,17179246901310366056,脊髄梗塞の総説：疫学から予防まで,ok,https://hinyan1016.hatenablog.com/entry/2025/11/02/122708
2026-04-14 20:52:19,6802888565300320152,心因性非てんかん発作（PNES）総説,ok,https://hinyan1016.hatenablog.com/entry/2025/10/27/045612
2026-04-14 20:52:21,6802888565297668024,電気けいれん療法（ECT）総説 ― 医療従事者のための基礎知識と最新動向,ok,https://hinyan1016.hatenablog.com/entry/2025/10/25/070034
2026-04-14 20:52:23,6802888565297667392,🥬 リーフレタスが苦くなるのはなぜ？原因と対策,ok,https://hinyan1016.hatenablog.com/entry/2025/10/24/184832
2026-04-14 20:52:25,6802888565297017681,成人気管支喘息の標準治療,ok,https://hinyan1016.hatenablog.com/entry/2025/10/24/061916
2026-04-14 20:52:27,6802888565295007249,重度認知症患者の終末期の栄養のとり方について – ご家族向け説明資料,ok,https://hinyan1016.hatenablog.com/entry/2025/10/22/102910
2026-04-14 20:52:30,6802888565294689292,誤嚥性肺炎を繰り返す重度認知症患者の栄養管理の選択肢,ok,https://hinyan1016.hatenablog.com/entry/2025/10/22/001349
2026-04-14 20:52:32,6802888565293645197,出血管理におけるアドナ（カルバゾクロム）とトランサミン（トラネキサム酸）：作用・適応・エビデンス・実装,ok,https://hinyan1016.hatenablog.com/entry/2025/10/21/104745
2026-04-14 20:52:34,6802888565292445598,日本で増えるクマ被害：2020年以降の動向と2025年最新状況,ok,https://hinyan1016.hatenablog.com/entry/2025/10/19/224322
2026-04-14 20:52:36,6802888565291699308,京都市、2026年3月から宿泊税引き上げへ – 背景と新制度の詳細,ok,https://hinyan1016.hatenablog.com/entry/2025/10/19/071354
2026-04-14 20:52:38,6802888565289330870,最近の動画まとめ,ok,https://hinyan1016.hatenablog.com/entry/2025/10/16/192250
2026-04-14 20:52:39,6802888565288949127,日本における自転車利用の交通規制強化,ok,https://hinyan1016.hatenablog.com/entry/2025/10/16/110924
2026-04-14 20:52:42,6802888565287945574,両側性視神経炎を起こす疾患：鑑別と臨床のポイント,ok,https://hinyan1016.hatenablog.com/entry/2025/10/15/104708
2026-04-14 20:52:44,6802888565284637966,穿通枝梗塞（BAD）の進行管理：日本の治療戦略とエビデンス,ok,https://hinyan1016.hatenablog.com/entry/2025/10/12/123944
2026-04-14 20:52:46,6802888565282932088,クロナゼパム：多彩な適応とエビデンス・安全性の深掘り,ok,https://hinyan1016.hatenablog.com/entry/2025/10/11/063144
2026-04-14 20:52:48,6802888565282853666,パーキンソン病治療におけるMAO-B阻害薬3剤の特徴と使い分け,ok,https://hinyan1016.hatenablog.com/entry/2025/10/10/224630
2026-04-14 20:52:50,6802888565281031155,ノーベル化学賞を受賞した北川進特別教授の研究内容とは,ok,https://hinyan1016.hatenablog.com/entry/2025/10/09/125850
2026-04-14 20:52:52,6802888565280952889,日本のメタボ腹囲基準（男性85cm・女性90cm）の根拠と課題,ok,https://hinyan1016.hatenablog.com/entry/2025/10/09/101848
2026-04-14 20:52:54,6802888565280132254,"神経変性疾患における慢性期栄養管理ガイド（PD, ALSを中心に）",ok,https://hinyan1016.hatenablog.com/entry/2025/10/08/160652
2026-04-14 20:52:56,6802888565280028149,NIHSSスコア5点以下の軽症脳梗塞における急性期抗血栓療法の選択,ok,https://hinyan1016.hatenablog.com/entry/2025/10/08/142332
2026-04-14 20:52:58,6802888565278587043,主治医意見書で迷わない！障害高齢者・認知症高齢者の日常生活自立度を覚えるコツ,ok,https://hinyan1016.hatenablog.com/entry/2025/10/08/021153
2026-04-14 20:53:00,6802888565278318147,制御性T細胞の発見が拓いた免疫学の新時代 — 坂口志文先生のノーベル賞研究を解説,ok,https://hinyan1016.hatenablog.com/entry/2025/10/07/071626
2026-04-14 20:53:02,6802888565275603079,筋萎縮性側索硬化症（ALS）における高エネルギー栄養療法と胃ろう早期導入のエビデンスレビュー,ok,https://hinyan1016.hatenablog.com/entry/2025/10/05/201316
2026-04-14 20:53:05,6802888565268301602,日本におけるてんかん患者の運転免許制度 – 中型・準中型免許を中心に,ok,https://hinyan1016.hatenablog.com/entry/2025/10/02/115704
2026-04-14 20:53:07,6802888565257890696,ポリカルボフィルカルシウム（ポリフル）の供給不足と代替薬の選び方,ok,https://hinyan1016.hatenablog.com/entry/2025/09/27/224555
2026-04-14 20:53:09,6802888565242902711,成人のチックとてんかん発作の鑑別ポイント,ok,https://hinyan1016.hatenablog.com/entry/2025/09/20/081129
2026-04-14 20:53:11,6802888565227131700,なぜ東日本は50Hz、西日本は60Hz？日本で交流周波数が異なる理由,ok,https://hinyan1016.hatenablog.com/entry/2025/09/11/191613
2026-04-14 20:53:13,6802888565217981357,フェンフルラミン（フィンテプラ）による難治てんかんの治療,ok,https://hinyan1016.hatenablog.com/entry/2025/09/06/083747
2026-04-14 20:53:15,6802888565214750532,心房細動による脳塞栓後の抗凝固療法：CHA₂DS₂-VASc評価と治療戦略,ok,https://hinyan1016.hatenablog.com/entry/2025/09/04/184231
2026-04-14 20:53:17,6802888565214255487,高齢嚥下障害患者の誤嚥性肺炎における抗菌薬治療ガイド,ok,https://hinyan1016.hatenablog.com/entry/2025/09/04/113855
2026-04-14 20:53:19,6802888565212124111,医師が考えるFIRE（早期リタイア）：経済的自由で人生にゆとりを,ok,https://hinyan1016.hatenablog.com/entry/2025/09/03/114055
2026-04-14 20:53:21,6802418398566190038,FreeStyleリブレ2の保険適用と利用方法（リライト版）,ok,https://hinyan1016.hatenablog.com/entry/2025/08/28/190822
2026-04-14 20:53:22,6802418398565654765,熱中症の危険因子と予防対策,ok,https://hinyan1016.hatenablog.com/entry/2025/08/28/103421
2026-04-14 20:53:24,6802418398565476182,ドラッグ・リポジショニング解説：臨床医のための実務ガイド,ok,https://hinyan1016.hatenablog.com/entry/2025/08/28/063350
2026-04-14 20:53:27,6802418398555993595,ヘルペス脳炎（HSV脳炎）の診断と治療,ok,https://hinyan1016.hatenablog.com/entry/2025/08/21/095937
2026-04-14 20:53:29,6802418398553833277,CRISPR/Cas9の仕組みと最新動向（2025年）,ok,https://hinyan1016.hatenablog.com/entry/2025/08/19/204155
2026-04-14 20:53:31,6802418398552224768,心肺蘇生後の脳機能予後評価：最新エビデンスに基づく実践ガイド,ok,https://hinyan1016.hatenablog.com/entry/2025/08/18/204551
2026-04-14 20:53:34,6802418398549884277,アドバンス・ケア・プランニング（ACP）を深掘り：人生会議のすすめ,ok,https://hinyan1016.hatenablog.com/entry/2025/08/17/082426
2026-04-14 20:53:36,6802418398542671388,幸福とは何か——定義から実践までのやさしい大全,ok,https://hinyan1016.hatenablog.com/entry/2025/08/12/051403
2026-04-14 20:53:38,6802418398537219711,肝性脳症（Hepatic Encephalopathy: HE）完全ガイド 2025年版,ok,https://hinyan1016.hatenablog.com/entry/2025/08/07/221658
2026-04-14 20:53:39,6802418398535691032,右基底核脳梗塞による吃逆：文献的検証と臨床的意義,ok,https://hinyan1016.hatenablog.com/entry/2025/08/06/102359
2026-04-14 20:53:41,6802418398535606766,"眼筋型重症筋無力症（Ocular Myasthenia Gravis, OMG）- 2025年最新エビデンス",ok,https://hinyan1016.hatenablog.com/entry/2025/08/06/094802
2026-04-14 20:53:43,6802418398498158524,昆虫はなぜ海にいないのか？,ok,https://hinyan1016.hatenablog.com/entry/2025/07/21/224948
2026-04-14 20:53:45,6802418398511531798,かかりつけ医のためのBPSD対応向精神薬使用ガイドライン第3版ポイント解説,ok,https://hinyan1016.hatenablog.com/entry/2025/07/15/044000
2026-04-14 20:53:47,6802418398509446919,不眠に対する非薬物療法：最新エビデンスと日本の臨床現場における実践ガイド,ok,https://hinyan1016.hatenablog.com/entry/2025/07/13/044315
2026-04-14 20:53:49,6802418398502304795,【一般内科医のための神経調節性失神ガイド】病態生理から最新治療、高齢者へのアプローチまで,ok,https://hinyan1016.hatenablog.com/entry/2025/07/06/192148
2026-04-14 20:53:52,6802418398501803888,脳梗塞診療の20年を振り返る：tPAから血管内治療、そして個別化医療の未来へ,ok,https://hinyan1016.hatenablog.com/entry/2025/07/06/130255
2026-04-14 20:53:54,6802418398500276760,脳波所見BIRDs (Brief Potentially Ictal Rhythmic Discharges) の臨床的意義と実践的アプローチ：ACNS 2021ガイドラインに基づく総説,ok,https://hinyan1016.hatenablog.com/entry/2025/07/05/072731
2026-04-14 20:53:56,6802418398496102662,アルツハイマー型認知症治療の地殻変動：過去20年の進歩と未来への多角的挑戦,ok,https://hinyan1016.hatenablog.com/entry/2025/07/03/091339
2026-04-14 20:53:58,6802418398492982676,2025年版：日本の予防接種一覧と年齢別ワクチン計画,ok,https://hinyan1016.hatenablog.com/entry/2025/06/29/142925
2026-04-14 20:54:00,6802418398468713283,歯状核赤核淡蒼球ルイ体萎縮症（DRPLA）の総説,ok,https://hinyan1016.hatenablog.com/entry/2025/06/10/083946
2026-04-14 20:54:02,6802418398461743544,回復期リハ病棟の対象疾患と神経領域の適応解説,ok,https://hinyan1016.hatenablog.com/entry/2025/06/05/120955
2026-04-14 20:54:04,6802418398458856967,BUN（血中尿素窒素）上昇の鑑別：一般内科医のための包括的解説,ok,https://hinyan1016.hatenablog.com/entry/2025/06/03/152053
2026-04-14 20:54:05,6802418398458205519,良性発作性頭位めまい症（BPPV）の効果的な体操法：どの半規管にも対応できる実践的アプローチ,ok,https://hinyan1016.hatenablog.com/entry/2025/06/03/082611
2026-04-14 20:54:07,6802418398456122810,「食べてすぐ寝ると牛になる」は本当？最新研究で分かった健康リスクと対策法,ok,https://hinyan1016.hatenablog.com/entry/2025/06/01/222536
2026-04-14 20:54:09,6802418398450368228,ワーファリン用量調整の実践ポイント,ok,https://hinyan1016.hatenablog.com/entry/2025/05/29/140015
2026-04-14 20:54:11,6802418398441886069,悪性腫瘍関連脳梗塞（トルーソー症候群）に対する抗凝固療法の選択,ok,https://hinyan1016.hatenablog.com/entry/2025/05/23/192201
2026-04-14 20:54:13,6802418398411984148,低ナトリウム血症の臨床鑑別アプローチ,ok,https://hinyan1016.hatenablog.com/entry/2025/05/06/151229
2026-04-14 20:54:15,6802418398410386374,高齢者によく見られる皮膚のかゆみ（加齢性掻痒症）とは,ok,https://hinyan1016.hatenablog.com/entry/2025/05/05/233646
2026-04-14 20:54:17,6802418398380798300,プレドニゾロン長期使用時の合併症対策と併用薬ガイド,ok,https://hinyan1016.hatenablog.com/entry/2025/04/26/081712
2026-04-14 20:54:19,6802418398379619695,アロチノロール生産中止による本態性振戦治療への影響と代替薬の現状,ok,https://hinyan1016.hatenablog.com/entry/2025/04/25/194043
2026-04-14 20:54:20,6802418398365013330,手根管症候群（しゅこんかんしょうこうぐん）の生活ガイド　2025年度最新版,ok,https://hinyan1016.hatenablog.com/entry/2025/04/21/174244
2026-04-14 20:54:22,6802418398344679918,内科医のためのARB処方ガイド：製剤ごとの特徴と臨床での使い分け,ok,https://hinyan1016.hatenablog.com/entry/2025/04/15/122215
2026-04-14 20:54:24,6802418398344622944,不眠症の非薬物療法：種類、効果とプライマリケアでの実践,ok,https://hinyan1016.hatenablog.com/entry/2025/04/15/072144
2026-04-14 20:54:26,6802418398344480647,Evidence-based健康長寿戦略：高齢になっても元気でいるためにできること,ok,https://hinyan1016.hatenablog.com/entry/2025/04/14/175142
2026-04-14 20:54:28,6802418398343857247,パーキンソン病における流涎（よだれ）：発生メカニズムから治療まで,ok,https://hinyan1016.hatenablog.com/entry/2025/04/12/121241
2026-04-14 20:54:31,6802418398343701723,脳表ヘモジデリン沈着症 (Superficial Siderosis of the CNS): 最新の知見と臨床的アプローチ,ok,https://hinyan1016.hatenablog.com/entry/2025/04/11/190147
2026-04-14 20:54:33,6802418398341889417,終末期における皮下点滴（Hypodermoclysis）の実践ガイド,ok,https://hinyan1016.hatenablog.com/entry/2025/04/04/174249
2026-04-14 20:54:35,6802418398340466457,心不全診療の羅針盤：BNP/NT-proBNPを使いこなす～2025年改訂版 心不全診療ガイドラインを踏まえて～,ok,https://hinyan1016.hatenablog.com/entry/2025/03/30/095950
2026-04-14 20:54:37,6802418398340374932,2025年版心不全診療ガイドライン：最新の変更点と臨床的意義,ok,https://hinyan1016.hatenablog.com/entry/2025/03/29/222757
2026-04-14 20:54:39,6802418398337896797,ADHD傾向の人・片付け苦手な人のための引っ越し整理整頓ガイド,ok,https://hinyan1016.hatenablog.com/entry/2025/03/20/083411
2026-04-14 20:54:41,6802418398337392217,高齢者に発症するアステリクシスを伴う一過性ミオクローヌス状態（TMA）：知っておくべき診断と治療,ok,https://hinyan1016.hatenablog.com/entry/2025/03/18/074322
2026-04-14 20:54:42,6802418398334556684,グレープフルーツが薬を変える!? 知っておきたい柑橘類と薬の危険な関係,ok,https://hinyan1016.hatenablog.com/entry/2025/03/07/185303
